/*
SQLyog Professional v12.09 (64 bit)
MySQL - 5.7.11-log : Database - ems
*********************************************************************
*/

/*!40101 SET NAMES utf8 */;

/*!40101 SET SQL_MODE=''*/;

/*!40014 SET @OLD_UNIQUE_CHECKS=@@UNIQUE_CHECKS, UNIQUE_CHECKS=0 */;
/*!40014 SET @OLD_FOREIGN_KEY_CHECKS=@@FOREIGN_KEY_CHECKS, FOREIGN_KEY_CHECKS=0 */;
/*!40101 SET @OLD_SQL_MODE=@@SQL_MODE, SQL_MODE='NO_AUTO_VALUE_ON_ZERO' */;
/*!40111 SET @OLD_SQL_NOTES=@@SQL_NOTES, SQL_NOTES=0 */;
CREATE DATABASE /*!32312 IF NOT EXISTS*/`ems` /*!40100 DEFAULT CHARACTER SET utf8 COLLATE utf8_bin */;

USE `ems`;

/*Table structure for table `base_company` */

DROP TABLE IF EXISTS `base_company`;

CREATE TABLE `base_company` (
  `compid` int(11) NOT NULL AUTO_INCREMENT COMMENT '主键',
  `compname` varchar(100) COLLATE utf8_bin DEFAULT NULL COMMENT '公司名称',
  `contacts` varchar(60) COLLATE utf8_bin DEFAULT NULL COMMENT '联系人',
  `comptel` varchar(11) COLLATE utf8_bin DEFAULT NULL COMMENT '联系电话',
  `industry` varchar(20) COLLATE utf8_bin DEFAULT NULL COMMENT '行业',
  `address` varchar(100) COLLATE utf8_bin DEFAULT NULL COMMENT '地址',
  PRIMARY KEY (`compid`)
) ENGINE=InnoDB AUTO_INCREMENT=11 DEFAULT CHARSET=utf8 COLLATE=utf8_bin;

/*Data for the table `base_company` */

insert  into `base_company`(`compid`,`compname`,`contacts`,`comptel`,`industry`,`address`) values (1,'周口港','盛明春','133445566','水运','周口市沙河南岸'),(2,'漯河港','史安杰','17890929876','水运','黑龙潭镇政府东面'),(3,'日照港','蒋科磊','13654578219','水运','上海路'),(10,'上海港','田淞丹','13896963545','水运','长江入海口处');

/*Table structure for table `base_device` */

DROP TABLE IF EXISTS `base_device`;

CREATE TABLE `base_device` (
  `devid` int(11) NOT NULL AUTO_INCREMENT COMMENT '主键',
  `devname` varchar(100) COLLATE utf8_bin DEFAULT NULL COMMENT '设备名称',
  `typeid` int(11) DEFAULT NULL COMMENT '设备类别',
  `devdate` date DEFAULT NULL COMMENT '投入时间',
  `devuser` varchar(100) COLLATE utf8_bin DEFAULT NULL COMMENT '责任人',
  `compid` int(11) DEFAULT NULL COMMENT '所属企业',
  PRIMARY KEY (`devid`)
) ENGINE=InnoDB AUTO_INCREMENT=31 DEFAULT CHARSET=utf8 COLLATE=utf8_bin;

/*Data for the table `base_device` */

insert  into `base_device`(`devid`,`devname`,`typeid`,`devdate`,`devuser`,`compid`) values (1,'zk-1#斗轮机',1,'2017-02-01','刘长江',1),(2,'zk-2#斗轮机',1,'2010-02-02','李少庆',1),(3,'zk-3#斗轮机',1,'2011-03-03','张庆',1),(4,'zk-1#装船机',2,'2010-04-01','冯士纯',1),(5,'zk-2#装船机',2,'2010-06-08','于圣杰',1),(6,'zk-3#装船机',2,'2011-01-02','郭亚茹',1),(8,'zk-bm1',3,'2011-02-01','杨雪婷',1),(9,'zk-bm2',3,'2010-02-02','胡雯月',1),(10,'zk-bm3',3,'2012-02-01','邢文哲',1),(11,'zk-bk1',3,'2010-06-01','梁哲',1),(12,'zk-bk2',3,'2010-02-02','梁壮壮',1),(13,'sh-1#斗轮机',1,'2010-01-02','刘长江',10),(14,'sh-2#斗轮机',1,'2010-02-02','李佳康',10),(15,'sh-1#装船机',2,'2010-05-04','赵舞阳',10),(16,'sh-2#装船机',2,'2010-06-02','王定宇',10),(17,'sh-bm1',3,'2010-02-03','李利利',10),(18,'sh-bm2',3,'2011-02-01','曾祥顺',10),(19,'lh-1#斗轮机',1,'2011-10-03','李佳康',2),(20,'lh-2#斗轮机',1,'2010-05-03','刘万通',2),(21,'lh-1#装船机',2,'2011-05-02','李利利',2),(22,'lh-2#装船机',2,'2011-02-01','杜会友',2),(23,'lh-bm1皮带机',3,'2012-03-07','李少庆',2),(24,'lh-bm2',3,'2011-02-17','于圣杰',2),(25,'rz-1#斗轮机',1,'2011-03-03','高洁',3),(26,'rz-2#斗轮机',1,'2011-02-01','高洁',3),(27,'rz-1#装船机',2,'2011-02-02','夏杰',3),(28,'rz-2#装船机',2,'2011-02-02','夏杰',3),(29,'rz-bm1皮带机',3,'2013-02-05','夏杰',3),(30,'rz-bm2',3,'2013-02-06','夏杰',3);

/*Table structure for table `base_devtype` */

DROP TABLE IF EXISTS `base_devtype`;

CREATE TABLE `base_devtype` (
  `typeid` int(11) NOT NULL AUTO_INCREMENT COMMENT '类别ID',
  `typename` varchar(80) COLLATE utf8_bin DEFAULT NULL COMMENT '类别名称',
  PRIMARY KEY (`typeid`)
) ENGINE=InnoDB AUTO_INCREMENT=4 DEFAULT CHARSET=utf8 COLLATE=utf8_bin;

/*Data for the table `base_devtype` */

insert  into `base_devtype`(`typeid`,`typename`) values (1,'斗轮机'),(2,'装船机'),(3,'皮带机');

/*Table structure for table `base_flow` */

DROP TABLE IF EXISTS `base_flow`;

CREATE TABLE `base_flow` (
  `flowid` int(11) NOT NULL AUTO_INCREMENT COMMENT '主键',
  `flowname` varchar(100) COLLATE utf8_bin DEFAULT NULL COMMENT '流程名称',
  `dljid` int(11) DEFAULT NULL COMMENT '斗轮机',
  `zcjid` int(11) DEFAULT NULL COMMENT '装船机',
  `pdjid` int(11) DEFAULT NULL COMMENT '皮带机',
  `compid` int(11) DEFAULT NULL COMMENT '所属企业',
  PRIMARY KEY (`flowid`)
) ENGINE=InnoDB AUTO_INCREMENT=14 DEFAULT CHARSET=utf8 COLLATE=utf8_bin;

/*Data for the table `base_flow` */

insert  into `base_flow`(`flowid`,`flowname`,`dljid`,`zcjid`,`pdjid`,`compid`) values (1,'zk-101',1,4,8,1),(2,'zk-102',1,5,9,1),(3,'zk-103',2,5,10,1),(4,'zk-104',3,6,12,1),(5,'zk-201',1,6,11,1),(6,'zk-202',2,6,12,1),(7,'sh-101',13,15,17,10),(8,'sh-102',14,16,18,10),(9,'sh-103',13,16,18,10),(10,'lh-101流程',19,21,23,2),(11,'lh-102流程',20,22,24,2),(12,'rz-101流程',25,27,29,3),(13,'rz-102流程',26,28,30,3);

/*Table structure for table `base_user` */

DROP TABLE IF EXISTS `base_user`;

CREATE TABLE `base_user` (
  `userid` int(11) NOT NULL AUTO_INCREMENT COMMENT '主键',
  `cname` varchar(30) COLLATE utf8_bin DEFAULT NULL COMMENT '姓名',
  `username` varchar(30) COLLATE utf8_bin DEFAULT NULL COMMENT '用户名',
  `password` varchar(30) COLLATE utf8_bin DEFAULT NULL COMMENT '密码',
  `telno` varchar(11) COLLATE utf8_bin DEFAULT NULL COMMENT '手机号',
  `email` varchar(30) COLLATE utf8_bin DEFAULT NULL COMMENT '邮箱',
  `sex` varchar(20) COLLATE utf8_bin DEFAULT NULL COMMENT '性别',
  `compid` int(11) DEFAULT NULL COMMENT '所属企业',
  PRIMARY KEY (`userid`)
) ENGINE=InnoDB AUTO_INCREMENT=9 DEFAULT CHARSET=utf8 COLLATE=utf8_bin;

/*Data for the table `base_user` */

insert  into `base_user`(`userid`,`cname`,`username`,`password`,`telno`,`email`,`sex`,`compid`) values (1,'李海星','lhx','123456','13648495251','123@qq.com','女',1),(2,'王文政','wwz','123456','13246467979','234@qq.com','男',8),(3,'测试','1','1','1','1','1',9),(4,'王文政','wwz','123456','13827299834','1234@qq.com','男',2),(5,'梁壮壮','lzz','123456','13690947856','2345@qq.com','男',10),(8,'蒋科磊','jkl','123456','13789064523','36119@qq.com','男',3);

/*Table structure for table `energy_consume` */

DROP TABLE IF EXISTS `energy_consume`;

CREATE TABLE `energy_consume` (
  `consumeid` int(11) NOT NULL AUTO_INCREMENT COMMENT '主键能耗id',
  `devid` int(11) DEFAULT NULL COMMENT '设备名称',
  `electric` double DEFAULT NULL COMMENT '电耗(kw.h)',
  `water` double DEFAULT NULL COMMENT '水耗(吨)',
  `oil` double DEFAULT NULL COMMENT '油耗(L)',
  `reportid` int(11) DEFAULT NULL COMMENT '报岗id',
  PRIMARY KEY (`consumeid`)
) ENGINE=InnoDB AUTO_INCREMENT=1072 DEFAULT CHARSET=utf8 COLLATE=utf8_bin;

/*Data for the table `energy_consume` */

insert  into `energy_consume`(`consumeid`,`devid`,`electric`,`water`,`oil`,`reportid`) values (1,1,10560,400,720,1),(2,4,10600,280,1240,1),(3,8,3840,80,400,1),(7,2,18112,448,1408,3),(8,5,13312,320,1536,3),(9,10,3264,64,1024,3),(10,1,17496,720,2376,4),(11,4,9144,576,1872,4),(12,8,5148,108,1152,4),(13,1,14008,408,952,5),(14,4,7480,408,680,5),(15,8,7072,136,442,5),(16,1,13134,198,726,6),(17,4,18942,594,1056,6),(18,8,7293,165,627,6),(19,1,12444,512.4,805.2,7),(20,4,21667.2,439.2,1390.8,7),(21,8,10394.4,256.2,475.8,7),(22,1,11259.2,496,793.6,8),(23,4,12449.6,297.6,1884.8,8),(24,8,4439.2,148.8,620,8),(25,1,5778,378,1242,9),(26,4,10098,540,1242,9),(27,8,6858,135,432,9),(28,1,11443.2,357.6,774.8,10),(29,4,17462.8,417.2,1728.4,10),(30,8,4440.2,119.2,983.4,10),(31,1,13846,322,1610,11),(32,4,11527.6,128.8,1352.4,11),(33,8,7599.2,32.2,644,11),(34,1,12974.4,306,856.8,12),(35,4,8996.4,367.2,1162.8,12),(36,8,8262,306,397.8,12),(37,1,7838.4,511.2,1192.8,13),(38,4,7781.6,454.4,1647.2,13),(39,8,3663.6,142,397.6,13),(40,1,11453.2,164.4,986.4,14),(41,4,8713.2,548,1534.4,14),(42,8,5918.4,54.8,767.2,14),(43,1,17802.4,308,1909.6,15),(44,4,13182.4,369.6,1786.4,15),(45,8,7053.2,61.6,1139.6,15),(46,1,10526.4,103.2,619.2,16),(47,4,7843.2,103.2,1857.6,16),(48,8,3870,103.2,980.4,16),(49,1,10617.6,403.2,940.8,17),(50,4,12432,604.8,1948.8,17),(51,8,6720,268.8,1344,17),(52,1,11252,580,986,18),(53,4,8932,174,1102,18),(54,8,7540,174,1160,18),(55,1,11044.8,62.4,1248,19),(56,4,14414.4,124.8,2121.6,19),(57,8,5116.8,249.6,1248,19),(58,1,13759.2,252,604.8,21),(59,5,11289.6,50.4,655.2,21),(60,9,5468.4,50.4,932.4,21),(61,1,9928.8,453.6,1512,22),(62,5,14868,403.2,1260,22),(63,9,6577.2,201.6,428.4,22),(64,1,17064,632,1011.2,23),(65,5,13208.8,189.6,1580,23),(66,9,8721.6,126.4,821.6,23),(67,1,9438,171.6,800.8,24),(68,5,6120.4,171.6,629.2,24),(69,9,6892.6,257.4,1144,24),(70,1,13912.8,744,2083.2,25),(71,5,18376.8,669.6,2604,25),(72,9,8742,37.2,781.2,25),(73,1,15686.4,206.4,2270.4,26),(74,5,10044.8,68.8,825.6,26),(75,9,8084,68.8,653.6,26),(76,1,7561.6,380.8,2012.8,27),(77,5,14688,326.4,1360,27),(78,9,7888,27.2,761.6,27),(79,1,12992.8,536.4,2384,28),(80,5,10549.2,238.4,1966.8,28),(81,9,3248.2,29.8,1072.8,28),(82,1,11558.4,537.6,2083.2,29),(83,5,13507.2,201.6,1276.8,29),(84,9,7291.2,33.6,369.6,29),(85,1,21200,720,2800,30),(86,5,16240,320,2080,30),(87,9,11520,200,1360,30),(88,1,9000,288,1368,31),(89,5,8496,216,936,31),(90,9,5436,72,1332,31),(91,1,5307.2,49.6,496,32),(92,5,12598.4,396.8,1190.4,32),(93,9,4092,173.6,421.6,32),(94,1,10428,220,748,33),(95,5,8096,176,1496,33),(96,9,4048,22,264,33),(97,1,14822.4,307.2,921.6,34),(98,5,22656,384,1228.8,34),(99,9,9600,76.8,729.6,34),(100,1,17593.2,434.4,2099.6,35),(101,5,19548,217.2,2172,35),(102,9,4597.4,362,470.6,35),(103,1,17608.8,139.2,2018.4,36),(104,5,14198.4,487.2,2366.4,36),(105,9,3758.4,313.2,487.2,36),(106,2,20976,532,836,41),(107,5,7600,532,2128,41),(108,10,5890,190,646,41),(109,2,15052.8,156.8,1803.2,42),(110,5,8545.6,313.6,784,42),(111,10,9133.6,352.8,784,42),(112,2,17808,168,1092,43),(113,5,22848,588,2940,43),(114,10,9072,378,966,43),(115,2,23672,440,2112,44),(116,5,16456,704,2992,44),(117,10,12496,220,1100,44),(118,2,11668.8,571.2,3264,45),(119,5,23500.8,816,1958.4,45),(120,10,6324,367.2,652.8,45),(121,2,15573.6,741.6,1153.6,46),(122,5,16150.4,824,1565.6,46),(123,10,8693.2,247.2,1359.6,46),(124,2,20516,368,1656,47),(125,5,15180,184,3128,47),(126,10,10120,276,1748,47),(127,2,11376,360,2592,48),(128,5,20160,432,1008,48),(129,10,9540,36,1296,48),(130,2,18944,640,2368,49),(131,5,13120,512,1088,49),(132,10,8032,192,352,49),(133,2,14643.2,704,1900.8,50),(134,5,13798.4,492.8,2534.4,50),(135,10,9257.6,352,844.8,50),(136,2,17910,270,1080,51),(137,5,19170,540,2160,51),(138,10,10710,90,1620,51),(139,2,21084,840,2184,52),(140,5,16128,588,1344,52),(141,10,10038,336,504,52),(142,2,6848,64,1088,53),(143,5,17152,192,960,53),(144,10,4000,288,1216,53),(145,2,9600,307.2,1152,54),(146,5,11289.6,768,1920,54),(147,10,5644.8,76.8,1228.8,54),(148,2,20561.6,724,1520.4,55),(149,5,10425.6,651.6,796.4,55),(150,10,7312.4,289.6,1194.6,55),(151,2,18450.8,463.2,2084.4,56),(152,5,12660.8,694.8,1621.2,56),(153,10,8955.2,193,1273.8,56),(154,3,13800,100,2000,61),(155,6,10550,300,1600,61),(156,12,3100,200,525,61),(157,3,13382.4,489.6,598.4,62),(158,6,10988.8,380.8,1577.6,62),(159,12,8051.2,81.6,462.4,62),(160,3,8792,448,1176,63),(161,6,7224,392,1064,63),(162,12,5516,140,504,63),(163,3,8016,96,480,64),(164,6,12336,432,1728,64),(165,12,3384,168,288,64),(166,3,5654.4,99.2,992,65),(167,6,13937.6,496,694.4,65),(168,12,3720,99.2,297.6,65),(169,3,5614.4,371.2,649.6,66),(170,6,9883.2,464,1392,66),(171,12,5196.8,139.2,835.2,66),(172,3,12948,260,520,67),(173,6,9620,364,1976,67),(174,12,4004,234,910,67),(175,3,18936,144,864,68),(176,6,8496,360,720,68),(177,12,10296,180,756,68),(178,3,16256,576,1792,69),(179,6,18560,448,896,69),(180,12,5152,32,608,69),(181,3,8518.4,70.4,1267.2,70),(182,6,10700.8,704,1619.2,70),(183,12,5772.8,140.8,1232,70),(184,3,10050,350,1350,71),(185,6,14750,50,1700,71),(186,12,3925,50,375,71),(187,3,9900,88,1716,72),(188,6,11924,88,1144,72),(189,12,2706,88,836,72),(190,3,7561.6,489.6,1686.4,73),(191,6,8758.4,326.4,2067.2,73),(192,12,3563.2,108.8,380.8,73),(193,3,4880,488,1952,74),(194,6,7027.2,341.6,1415.2,74),(195,12,4148,24.4,683.2,74),(196,3,14514.8,262,628.8,75),(197,6,7283.6,419.2,733.6,75),(198,12,6052.2,104.8,812.2,75),(199,3,9788.8,425.6,1064,76),(200,6,10374,425.6,904.4,76),(201,12,6091.4,26.6,611.8,76),(202,1,7440,434,1674,81),(203,6,10416,434,2418,81),(204,11,4464,186,837,81),(205,1,17670.4,352,2675.2,82),(206,6,13868.8,211.2,1689.6,82),(207,11,8201.6,140.8,1372.8,82),(208,1,9632,336,896,83),(209,6,14336,392,560,83),(210,11,4900,168,1008,83),(211,1,13184,320,1408,84),(212,6,12224,448,1344,84),(213,11,5056,64,640,84),(214,1,10316.8,49.6,1587.2,85),(215,6,12995.2,496,1736,85),(216,11,2604,148.8,818.4,85),(217,1,9229.6,664,1726.4,86),(218,6,14076.8,199.2,2324,86),(219,11,7934.8,332,1062.4,86),(220,1,13572,156,728,87),(221,6,12220,416,624,87),(222,11,7306,208,598,87),(223,1,9648,216,2880,88),(224,6,16992,576,2376,88),(225,11,4356,72,1188,88),(226,1,6528,512,1408,89),(227,6,12160,448,960,89),(228,11,6272,256,768,89),(229,1,16192,352,2534.4,90),(230,6,9785.6,704,1196.8,90),(231,11,7004.8,70.4,422.4,90),(232,1,17298,62,930,91),(233,6,7688,62,2294,91),(234,11,6479,31,651,91),(235,1,16128,648,2376,92),(236,6,21384,648,2376,92),(237,11,5688,252,1368,92),(238,1,12294.4,108.8,1523.2,93),(239,6,12457.6,380.8,1033.6,93),(240,11,3808,81.6,734.4,93),(241,1,17388.8,364.8,729.6,94),(242,6,9910.4,304,1945.6,94),(243,11,5532.8,30.4,1064,94),(244,1,14410,262,1886.4,95),(245,6,5502,157.2,1624.4,95),(246,11,6104.6,183.4,314.4,95),(247,1,14242.8,171.6,1658.8,96),(248,6,8580,171.6,2002,96),(249,11,7464.6,286,772.2,96),(250,2,14446,186,2170,101),(251,6,11656,310,806,101),(252,12,4650,93,651,101),(253,2,8236.8,281.6,1126.4,102),(254,6,10278.4,422.4,1478.4,102),(255,12,8764.8,281.6,1056,102),(256,2,21168,576,936,103),(257,6,13608,216,1512,103),(258,12,5040,36,432,103),(259,2,9216,512,1728,104),(260,6,16768,256,1664,104),(261,12,6432,288,1280,104),(262,2,18624,620.8,2172.8,105),(263,6,16296,232.8,2871.2,105),(264,12,7527.2,271.6,1513.2,105),(265,2,17795.2,597.6,1328,106),(266,6,14276,398.4,664,106),(267,12,4017.2,66.4,464.8,106),(268,2,22496,304,2280,107),(269,6,9880,684,2584,107),(270,12,9234,266,532,107),(271,2,10872,576,1296,108),(272,6,9072,360,1728,108),(273,12,6372,216,720,108),(274,2,14016,320,1152,109),(275,6,12224,640,1152,109),(276,12,7328,128,896,109),(277,2,16684.8,633.6,2182.4,110),(278,6,10841.6,422.4,985.6,110),(279,12,5139.2,352,1161.6,110),(280,2,8928,496,992,111),(281,6,6882,310,1116,111),(282,12,4030,93,434,111),(283,2,15552,360,1800,112),(284,6,17712,648,2016,112),(285,12,5580,180,720,112),(286,2,9956.8,705.6,940.8,113),(287,6,21324.8,470.4,862.4,113),(288,12,6036.8,117.6,1097.6,113),(289,2,18057.6,121.6,2006.4,114),(290,6,9667.2,547.2,729.6,114),(291,12,6809.6,30.4,1003.2,114),(292,2,22431.6,562.8,1206,115),(293,6,8763.6,723.6,2974.8,115),(294,12,6110.4,40.2,1246.2,115),(295,2,19936.8,85.2,1022.4,116),(296,6,16954.8,85.2,3237.6,116),(297,12,5325,42.6,1491,116),(736,13,12558,546,3276,499),(737,15,12230.4,873.6,1092,499),(738,17,5460,163.8,1092,499),(739,13,9724,618.8,2298.4,500),(740,15,22984,707.2,2828.8,500),(741,17,7469.8,442,663,500),(742,13,16830.4,964.8,4073.6,501),(743,15,23691.2,214.4,3108.8,501),(744,17,8468.8,214.4,1500.8,501),(745,13,13024,947.2,1894.4,502),(746,15,35401.6,1184,4380.8,502),(747,17,7340.8,473.6,710.4,502),(748,13,23222.4,492,2164.8,503),(749,15,18302.4,196.8,1377.6,503),(750,17,12595.2,295.2,541.2,503),(751,13,32184,864,2160,504),(752,15,31428,1080,2484,504),(753,17,11610,540,1998,504),(754,13,15744,864,3840,505),(755,15,18432,192,2976,505),(756,17,11328,336,480,505),(757,13,22210.8,446,1248.8,506),(758,15,17661.6,802.8,3211.2,506),(759,17,7136,446,1115,506),(760,13,27246.8,103.6,3004.4,507),(761,15,18130,518,1346.8,507),(762,17,6682.2,155.4,1761.2,507),(763,13,14028,84,1512,508),(764,15,18732,252,1176,508),(765,17,7056,252,966,508),(766,13,31327.6,975.6,1084,509),(767,15,19512,216.8,1300.8,509),(768,17,15880.6,433.6,2005.4,509),(769,13,15392.8,758.8,1951.2,510),(770,15,14308.8,975.6,4227.6,510),(771,17,12737,379.4,1029.8,510),(772,13,26418,621.6,1968.4,511),(773,15,23310,103.6,1450.4,511),(774,17,10101,466.2,1554,511),(775,13,21708.8,848,1356.8,512),(776,15,12974.4,848,2035.2,512),(777,17,11702.4,212,1441.6,512),(778,13,14100,676.8,2030.4,513),(779,15,13310.4,564,2820,513),(780,17,9870,112.8,958.8,513),(781,13,10528,94,2820,514),(782,15,26696,564,940,514),(783,17,10293,329,1551,514),(784,14,12896,832,1081.6,515),(785,16,14976,582.4,2246.4,515),(786,18,10483.2,124.8,1497.6,515),(787,14,19434,663.6,3033.6,516),(788,16,18012,663.6,3697.2,516),(789,18,11992.2,189.6,568.8,516),(790,14,26419.2,206.4,3405.6,517),(791,16,30340.8,825.6,3302.4,517),(792,18,13209.6,412.8,1651.2,517),(793,14,30962.4,532,1489.6,518),(794,16,18407.2,744.8,3936.8,518),(795,18,13087.2,478.8,691.6,518),(796,14,29363.2,947.2,4144,519),(797,16,26758.4,1184,4144,519),(798,18,11307.2,355.2,1243.2,519),(799,14,20003.2,212.8,3724,520),(800,16,22450.4,851.2,3617.6,520),(801,18,9576,106.4,1649.2,520),(802,14,22855.2,513.6,2054.4,521),(803,16,16863.2,428,2311.2,521),(804,18,4408.4,128.4,1326.8,521),(805,14,10753.2,939.6,2296.8,522),(806,16,15555.6,1044,2714.4,522),(807,18,9396,365.4,939.6,522),(808,14,12680.8,677.6,3581.6,523),(809,16,11519.2,871.2,1936,523),(810,18,13890.8,145.2,1210,523),(811,14,19180.8,947.2,1184,524),(812,16,30192,236.8,2131.2,524),(813,18,12787.2,59.2,1953.6,524),(814,14,23414.4,864,3283.2,525),(815,16,25747.2,432,1987.2,525),(816,18,6480,432,864,525),(817,14,19494,684,2622,526),(818,16,32832,570,2622,526),(819,18,10317,171,1653,526),(820,14,29700,324,1080,527),(821,16,27324,648,1404,527),(822,18,14796,378,1242,527),(823,14,13513.6,659.2,3296,528),(824,16,17633.6,494.4,3048.8,528),(825,18,7992.8,288.4,453.2,528),(826,14,32922,111.6,2343.6,529),(827,16,13950,446.4,3124.8,529),(828,18,12499.2,558,1562.4,529),(829,14,23400,630,1170,530),(830,16,16200,90,3240,530),(831,18,7965,225,630,530),(832,14,23230.8,860.4,1051.6,531),(833,16,26959.2,956,1625.2,531),(834,18,9751.2,191.2,1338.4,531),(835,13,9542.4,340.8,1618.8,532),(836,16,22748.4,85.2,937.2,532),(837,18,10948.2,298.2,553.8,532),(838,13,12768,912,3420,533),(839,16,16758,1026,2508,533),(840,18,8379,570,1254,533),(841,13,25514.8,454,1816,534),(842,16,15072.8,817.2,1362,534),(843,18,5039.4,408.6,1543.6,534),(844,13,21726,1020,2652,535),(845,16,29376,816,1836,535),(846,18,14994,306,1479,535),(847,13,30753.6,953.6,4410.4,536),(848,16,35164,238.4,2026.4,536),(849,18,6198.4,476.8,1847.6,536),(850,13,12218,246,1394,537),(851,16,22960,574,2706,537),(852,18,8405,369,1517,537),(853,13,30352,216.8,2601.6,538),(854,16,25799.2,650.4,3252,538),(855,18,15501.2,542,1626,538),(856,13,28292.4,542,1842.8,539),(857,16,15176,975.6,2601.6,539),(858,18,5420,487.8,2113.8,539),(859,13,22110,562.8,1045.2,540),(860,16,15356.4,160.8,1206,540),(861,18,6713.4,402,1286.4,540),(862,13,12870,270,900,541),(863,16,13860,900,1350,541),(864,18,6840,270,1395,541),(865,13,27242,212,3816,542),(866,16,23850,742,3922,542),(867,18,7579,424,742,542),(868,13,30402.8,809.2,3699.2,543),(869,16,13756.4,1040.4,4624,543),(870,18,17224.4,231.2,1271.6,543),(871,13,30000,100,1100,544),(872,16,26600,300,1800,544),(873,18,5650,500,1750,544),(874,13,11130,954,3392,545),(875,16,28090,1060,3180,545),(876,18,9805,265,1590,545),(877,13,11266,602,1204,546),(878,16,10234,860,946,546),(879,18,7525,301,559,546),(880,25,13776,295.2,1672.8,580),(881,27,8806.8,196.8,1131.6,580),(882,29,3025.8,172.2,393.6,580),(883,25,11871.2,170.4,1022.4,581),(884,27,12780,568,1704,581),(885,29,3067.2,28.4,766.8,581),(886,25,9550,350,1600,582),(887,27,14650,150,800,582),(888,29,4550,100,850,582),(889,25,13002,394,2994.4,583),(890,27,13790,157.6,1260.8,583),(891,29,5043.2,39.4,472.8,583),(892,25,12852.8,417.6,1809.6,584),(893,27,10904,371.2,649.6,584),(894,29,3944,92.8,835.2,584),(895,25,15901.6,500.4,2112.8,585),(896,27,9507.6,222.4,1501.2,585),(897,29,3113.6,111.2,472.6,585),(898,25,6795.2,438.4,712.4,586),(899,27,6192.4,54.8,1370,586),(900,29,7398,274,438.4,586),(901,25,12497.2,238.8,2308.4,587),(902,27,11701.2,477.6,1910.4,587),(903,29,11303.2,358.2,955.2,587),(904,25,14313.6,201.6,2016,588),(905,27,8064,470.4,2486.4,588),(906,29,9811.2,168,739.2,588),(907,25,11511.6,217.2,2389.2,589),(908,27,18679.2,217.2,1737.6,589),(909,29,7891.6,217.2,1375.6,589),(910,25,12280.8,464.4,1186.8,590),(911,27,15273.6,103.2,1909.2,590),(912,29,3560.4,103.2,1032,590),(913,25,11415.6,362.4,1328.8,591),(914,27,12019.6,604,1872.4,591),(915,29,7097,151,1117.4,591),(916,25,15642,528,1650,592),(917,27,9042,132,1584,592),(918,29,8712,66,1089,592),(919,25,19113.6,289.6,1737.6,593),(920,27,17520.8,289.6,868.8,593),(921,29,8905.2,72.4,470.6,593),(922,25,9180,216,594,594),(923,27,7614,324,1674,594),(924,29,2781,81,594,594),(925,25,12844,338,1014,595),(926,27,16156.4,473.2,1622.4,595),(927,29,8517.6,101.4,811.2,595),(928,26,22320,669.6,1041.6,596),(929,28,10564.8,744,2157.6,596),(930,30,8742,297.6,1376.4,596),(931,26,14755.2,318,1526.4,597),(932,28,9540,572.4,1590,597),(933,30,7155,190.8,318,597),(934,26,6989.2,282.8,1050.4,598),(935,28,6019.6,363.6,888.8,598),(936,30,2242.2,60.6,808,598),(937,26,14160,495.6,1486.8,599),(938,28,7292.4,283.2,1982.4,599),(939,30,10584.6,354,1380.6,599),(940,26,14732,116,2030,600),(941,28,16820,580,580,600),(942,30,4785,174,899,600),(943,26,7457.2,370.8,453.2,601),(944,28,9187.6,123.6,824,601),(945,30,4635,206,576.8,601),(946,26,10956,660,2508,602),(947,28,17886,264,990,602),(948,30,3795,33,660,602),(949,26,14410,262,2043.6,603),(950,28,14672,314.4,681.2,603),(951,30,7755.2,183.4,497.8,603),(952,26,14762.8,668,1603.2,604),(953,28,6947.2,334,1068.8,604),(954,30,5477.6,66.8,768.2,604),(955,26,21883.2,388,2483.2,605),(956,28,14123.2,155.2,2793.6,605),(957,30,10126.8,116.4,1474.4,605),(958,26,13121.6,500.4,778.4,606),(959,28,7172.4,444.8,1056.4,606),(960,30,3141.4,83.4,806.2,606),(961,26,12250,450,550,607),(962,28,6450,350,1600,607),(963,30,2775,250,950,607),(964,26,18136.8,396,1108.8,608),(965,28,17028,316.8,1504.8,608),(966,30,4593.6,79.2,1584,608),(967,26,10587.6,69.2,1522.4,609),(968,28,13355.6,622.8,968.8,609),(969,30,7196.8,69.2,1211,609),(970,26,16776,432,1008,610),(971,28,14544,720,1800,610),(972,30,4248,144,504,610),(973,26,14317.2,196.8,541.2,611),(974,28,11414.4,344.4,688.8,611),(975,30,6273,147.6,541.2,611),(976,19,10112,192,1216,612),(977,21,6528,384,1664,612),(978,23,3328,160,768,612),(979,19,25630,466,1118.4,613),(980,21,21715.6,932,1957.2,613),(981,23,6803.6,233,1398,613),(982,19,15408,85.6,2653.6,614),(983,21,12754.4,513.6,2910.4,614),(984,23,8431.6,428,1241.2,614),(985,19,26312,264,968,615),(986,21,16984,704,2640,615),(987,23,9020,352,1452,615),(988,19,18900,350,1050,616),(989,21,18900,140,1050,616),(990,23,6020,280,945,616),(991,19,14632.4,932,2796,617),(992,21,26282.4,652.4,2702.8,617),(993,23,6757,186.4,745.6,617),(994,19,10324.8,95.6,2390,618),(995,21,17686,860.4,3632.8,618),(996,23,6357.4,430.2,621.4,618),(997,19,8282,246,1148,619),(998,21,11152,656,1804,619),(999,23,6396,82,1476,619),(1000,19,13280.4,183.6,2448,620),(1001,21,7099.2,550.8,1897.2,620),(1002,23,7099.2,30.6,612,620),(1003,19,10800,259.2,1382.4,621),(1004,21,14515.2,777.6,2592,621),(1005,23,8683.2,345.6,1252.8,621),(1006,19,15783.2,434.4,1158.4,622),(1007,21,9484.4,724,1737.6,622),(1008,23,9556.8,289.6,687.8,622),(1009,19,12127.2,195.6,1760.4,623),(1010,21,13040,521.6,2216.8,623),(1011,23,3846.8,228.2,652,623),(1012,19,16896,594,2310,624),(1013,21,9900,594,1584,624),(1014,23,7788,264,924,624),(1015,19,17678.8,916,2656.4,625),(1016,21,24915.2,274.8,2106.8,625),(1017,23,9709.6,320.6,1694.6,625),(1018,19,11384.4,716,1288.8,626),(1019,21,10883.2,572.8,1145.6,626),(1020,23,3651.6,322.2,572.8,626),(1021,19,15364,668,2338,627),(1022,21,9084.8,467.6,734.8,627),(1023,23,9151.6,233.8,1068.8,627),(1024,20,14664,624,2574,628),(1025,22,18486,546,1950,628),(1026,24,7293,390,819,628),(1027,20,23631.2,261.6,2703.2,629),(1028,22,14562.4,174.4,2877.6,629),(1029,24,4883.2,348.8,1569.6,629),(1030,20,18682.4,677.6,3388,630),(1031,22,19747.2,387.2,2420,630),(1032,24,11035.2,193.6,1645.6,630),(1033,20,12110.8,707.2,1060.8,631),(1034,22,25194,265.2,2475.2,631),(1035,24,12641.2,442,1502.8,631),(1036,20,8960,70,2520,632),(1037,22,12740,420,1610,632),(1038,24,8715,280,1120,632),(1039,20,10754.8,322,2125.2,633),(1040,22,7856.8,322,1288,633),(1041,24,9112.6,64.4,418.6,633),(1042,20,12814.8,141.6,1203.6,634),(1043,22,12956.4,283.2,2761.2,634),(1044,24,7858.8,106.2,1239,634),(1045,20,23476.8,262.8,3153.6,635),(1046,22,14103.6,876,2277.6,635),(1047,24,7008,131.4,1708.2,635),(1048,20,13328,78.4,1254.4,636),(1049,22,17796.8,470.4,1568,636),(1050,24,4351.2,196,1372,636),(1051,20,26084.8,380.8,1428,637),(1052,22,23419.2,95.2,1332.8,637),(1053,24,10091.2,380.8,1428,637),(1054,20,19264,206.4,1651.2,638),(1055,22,11764.8,344,1995.2,638),(1056,24,3749.6,172,481.6,638),(1057,20,13347.2,68.8,2545.6,639),(1058,22,20296,137.6,1926.4,639),(1059,24,8290.4,344,825.6,639),(1060,20,20641.6,310.4,1629.6,640),(1061,22,13657.6,620.8,853.6,640),(1062,24,11329.6,155.2,1280.4,640),(1063,20,13753.2,87.6,1927.2,641),(1064,22,25141.2,700.8,2277.6,641),(1065,24,6175.8,175.2,1401.6,641),(1066,20,23848,704,3168,642),(1067,22,16544,352,3432,642),(1068,24,8184,44,1188,642),(1069,20,19295.2,284.8,2634.4,643),(1070,22,13172,498.4,1139.2,643),(1071,24,7938.8,106.8,1210.4,643);

/*Table structure for table `energy_standradcoal` */

DROP TABLE IF EXISTS `energy_standradcoal`;

CREATE TABLE `energy_standradcoal` (
  `sid` int(11) NOT NULL AUTO_INCREMENT COMMENT '主键',
  `energetype` varchar(100) COLLATE utf8_bin DEFAULT NULL COMMENT '能源类别',
  `ratio` float DEFAULT NULL COMMENT '系数',
  PRIMARY KEY (`sid`)
) ENGINE=InnoDB AUTO_INCREMENT=4 DEFAULT CHARSET=utf8 COLLATE=utf8_bin;

/*Data for the table `energy_standradcoal` */

insert  into `energy_standradcoal`(`sid`,`energetype`,`ratio`) values (1,'电',4.04),(2,'水',0.26),(3,'油',1.47);

/*Table structure for table `produce_fault` */

DROP TABLE IF EXISTS `produce_fault`;

CREATE TABLE `produce_fault` (
  `fault_id` int(11) NOT NULL AUTO_INCREMENT COMMENT '主键故障id',
  `devid` int(11) DEFAULT NULL COMMENT '设备名称',
  `cause` varchar(100) COLLATE utf8_bin DEFAULT NULL COMMENT '故障原因',
  `faultuser` varchar(40) COLLATE utf8_bin DEFAULT NULL COMMENT '报告人',
  `faulttime` int(11) DEFAULT NULL COMMENT '故障时间(分钟)',
  PRIMARY KEY (`fault_id`)
) ENGINE=InnoDB AUTO_INCREMENT=10 DEFAULT CHARSET=utf8 COLLATE=utf8_bin;

/*Data for the table `produce_fault` */

insert  into `produce_fault`(`fault_id`,`devid`,`cause`,`faultuser`,`faulttime`) values (1,1,'自然原因(风)','于合壁',50),(2,2,'突然断电','柴年年',32),(3,4,'短路','赵舞阳',36),(4,8,'卡东西','党刘涛',20),(5,13,'自然原因','梁哲',36),(6,15,'人为操作不当','梁壮壮',60),(7,18,'自然原因','王欣',50),(8,25,'人为操作不当','王文政',80),(9,21,'自然原因','蒋科磊',45);

/*Table structure for table `produce_job` */

DROP TABLE IF EXISTS `produce_job`;

CREATE TABLE `produce_job` (
  `jobid` int(11) NOT NULL AUTO_INCREMENT COMMENT '主键',
  `devid` int(100) DEFAULT NULL COMMENT '设备名称',
  `starttime` datetime DEFAULT NULL COMMENT '开始作业时间',
  `completetime` datetime DEFAULT NULL COMMENT '结束作业时间',
  `duration` double DEFAULT NULL COMMENT '运行时长',
  `amount` double DEFAULT NULL COMMENT '作业量',
  `reportid` int(11) DEFAULT NULL COMMENT '报岗id',
  PRIMARY KEY (`jobid`)
) ENGINE=InnoDB AUTO_INCREMENT=1072 DEFAULT CHARSET=utf8 COLLATE=utf8_bin;

/*Data for the table `produce_job` */

insert  into `produce_job`(`jobid`,`devid`,`starttime`,`completetime`,`duration`,`amount`,`reportid`) values (1,1,'2019-04-01 02:00:00','2019-04-01 05:00:00',3,40,1),(2,4,'2019-04-01 02:00:00','2019-04-01 05:00:00',3,40,1),(3,8,'2019-04-01 02:00:00','2019-04-01 05:00:00',3,20,1),(7,2,'2019-04-02 11:00:00','2019-04-02 16:10:00',5.17,64,3),(8,5,'2019-04-02 11:00:00','2019-04-02 16:10:00',5.17,64,3),(9,10,'2019-04-02 11:00:00','2019-04-02 16:10:00',5.17,32,3),(10,1,'2018-01-01 10:00:00','2018-01-01 14:35:00',4.58,72,4),(11,4,'2018-01-01 10:00:00','2018-01-01 14:35:00',4.58,72,4),(12,8,'2018-01-01 10:00:00','2018-01-01 14:35:00',4.58,36,4),(13,1,'2018-02-01 10:00:00','2018-02-01 18:00:00',8,68,5),(14,4,'2018-02-01 10:00:00','2018-02-01 18:00:00',8,68,5),(15,8,'2018-02-01 10:00:00','2018-02-01 18:00:00',8,34,5),(16,1,'2018-03-01 10:00:00','2018-03-01 17:10:00',7.17,66,6),(17,4,'2018-03-01 10:00:00','2018-03-01 17:10:00',7.17,66,6),(18,8,'2018-03-01 10:00:00','2018-03-01 17:10:00',7.17,33,6),(19,1,'2018-04-01 10:00:00','2018-04-01 20:30:00',10.5,73.2,7),(20,4,'2018-04-01 10:00:00','2018-04-01 20:30:00',10.5,73.2,7),(21,8,'2018-04-01 10:00:00','2018-04-01 20:30:00',10.5,36.6,7),(22,1,'2018-05-01 10:00:00','2018-05-01 17:20:00',7.33,49.6,8),(23,4,'2018-05-01 10:00:00','2018-05-01 17:20:00',7.33,49.6,8),(24,8,'2018-05-01 10:00:00','2018-05-01 17:20:00',7.33,24.8,8),(25,1,'2018-06-01 10:00:00','2018-06-01 16:25:00',6.42,54,9),(26,4,'2018-06-01 10:00:00','2018-06-01 16:25:00',6.42,54,9),(27,8,'2018-06-01 10:00:00','2018-06-01 16:25:00',6.42,27,9),(28,1,'2018-07-01 10:00:00','2018-07-01 13:15:00',3.25,59.6,10),(29,4,'2018-07-01 10:00:00','2018-07-01 13:15:00',3.25,59.6,10),(30,8,'2018-07-01 10:00:00','2018-07-01 13:15:00',3.25,29.8,10),(31,1,'2018-08-01 10:00:00','2018-08-01 15:35:00',5.58,64.4,11),(32,4,'2018-08-01 10:00:00','2018-08-01 15:35:00',5.58,64.4,11),(33,8,'2018-08-01 10:00:00','2018-08-01 15:35:00',5.58,32.2,11),(34,1,'2018-09-01 10:00:00','2018-09-01 16:45:00',6.75,61.2,12),(35,4,'2018-09-01 10:00:00','2018-09-01 16:45:00',6.75,61.2,12),(36,8,'2018-09-01 10:00:00','2018-09-01 16:45:00',6.75,30.6,12),(37,1,'2018-10-01 10:00:00','2018-10-01 19:16:00',9.27,56.8,13),(38,4,'2018-10-01 10:00:00','2018-10-01 19:16:00',9.27,56.8,13),(39,8,'2018-10-01 10:00:00','2018-10-01 19:16:00',9.27,28.4,13),(40,1,'2018-11-01 10:00:00','2018-11-01 20:22:00',10.37,54.8,14),(41,4,'2018-11-01 10:00:00','2018-11-01 20:22:00',10.37,54.8,14),(42,8,'2018-11-01 10:00:00','2018-11-01 20:22:00',10.37,27.4,14),(43,1,'2018-12-01 10:00:00','2018-12-01 14:35:00',4.58,61.6,15),(44,4,'2018-12-01 10:00:00','2018-12-01 14:35:00',4.58,61.6,15),(45,8,'2018-12-01 10:00:00','2018-12-01 14:35:00',4.58,30.8,15),(46,1,'2019-01-01 10:00:00','2019-01-01 16:25:00',6.42,51.6,16),(47,4,'2019-01-01 10:00:00','2019-01-01 16:25:00',6.42,51.6,16),(48,8,'2019-01-01 10:00:00','2019-01-01 16:25:00',6.42,25.8,16),(49,1,'2019-02-01 10:00:00','2019-02-01 21:30:00',11.5,67.2,17),(50,4,'2019-02-01 10:00:00','2019-02-01 21:30:00',11.5,67.2,17),(51,8,'2019-02-01 10:00:00','2019-02-01 21:30:00',11.5,33.6,17),(52,1,'2019-03-01 10:00:00','2019-03-01 16:36:00',6.6,58,18),(53,4,'2019-03-01 10:00:00','2019-03-01 16:36:00',6.6,58,18),(54,8,'2019-03-01 10:00:00','2019-03-01 16:36:00',6.6,29,18),(55,1,'2019-04-01 10:00:00','2019-04-01 18:35:00',8.58,62.4,19),(56,4,'2019-04-01 10:00:00','2019-04-01 18:35:00',8.58,62.4,19),(57,8,'2019-04-01 10:00:00','2019-04-01 18:35:00',8.58,31.2,19),(58,1,'2018-01-01 06:00:00','2018-01-01 09:25:00',3.42,50.4,21),(59,5,'2018-01-01 06:00:00','2018-01-01 09:25:00',3.42,50.4,21),(60,9,'2018-01-01 06:00:00','2018-01-01 09:25:00',3.42,25.2,21),(61,1,'2018-02-01 06:00:00','2018-02-01 09:25:00',3.42,50.4,22),(62,5,'2018-02-01 06:00:00','2018-02-01 09:25:00',3.42,50.4,22),(63,9,'2018-02-01 06:00:00','2018-02-01 09:25:00',3.42,25.2,22),(64,1,'2018-03-01 06:00:00','2018-03-01 12:34:00',6.57,63.2,23),(65,5,'2018-03-01 06:00:00','2018-03-01 12:34:00',6.57,63.2,23),(66,9,'2018-03-01 06:00:00','2018-03-01 12:34:00',6.57,31.6,23),(67,1,'2018-04-01 06:00:00','2018-04-01 08:46:00',2.77,57.2,24),(68,5,'2018-04-01 06:00:00','2018-04-01 08:46:00',2.77,57.2,24),(69,9,'2018-04-01 06:00:00','2018-04-01 08:46:00',2.77,28.6,24),(70,1,'2018-05-01 06:00:00','2018-05-01 14:35:00',8.58,74.4,25),(71,5,'2018-05-01 06:00:00','2018-05-01 14:35:00',8.58,74.4,25),(72,9,'2018-05-01 06:00:00','2018-05-01 14:35:00',8.58,37.2,25),(73,1,'2018-06-01 06:00:00','2018-06-01 13:10:00',7.17,68.8,26),(74,5,'2018-06-01 06:00:00','2018-06-01 13:10:00',7.17,68.8,26),(75,9,'2018-06-01 06:00:00','2018-06-01 13:10:00',7.17,34.4,26),(76,1,'2018-07-01 06:00:00','2018-07-01 16:14:00',10.23,54.4,27),(77,5,'2018-07-01 06:00:00','2018-07-01 16:14:00',10.23,54.4,27),(78,9,'2018-07-01 06:00:00','2018-07-01 16:14:00',10.23,27.2,27),(79,1,'2018-08-01 06:00:00','2018-08-01 19:25:00',13.42,59.6,28),(80,5,'2018-08-01 06:00:00','2018-08-01 19:25:00',13.42,59.6,28),(81,9,'2018-08-01 06:00:00','2018-08-01 19:25:00',13.42,29.8,28),(82,1,'2018-09-01 06:00:00','2018-09-01 11:15:00',5.25,67.2,29),(83,5,'2018-09-01 06:00:00','2018-09-01 11:15:00',5.25,67.2,29),(84,9,'2018-09-01 06:00:00','2018-09-01 11:15:00',5.25,33.6,29),(85,1,'2018-10-01 06:00:00','2018-10-01 13:14:00',7.23,80,30),(86,5,'2018-10-01 06:00:00','2018-10-01 13:14:00',7.23,80,30),(87,9,'2018-10-01 06:00:00','2018-10-01 13:14:00',7.23,40,30),(88,1,'2018-11-01 06:00:00','2018-11-01 16:50:00',10.83,72,31),(89,5,'2018-11-01 06:00:00','2018-11-01 16:50:00',10.83,72,31),(90,9,'2018-11-01 06:00:00','2018-11-01 16:50:00',10.83,36,31),(91,1,'2018-12-01 06:00:00','2018-12-01 20:25:00',14.42,49.6,32),(92,5,'2018-12-01 06:00:00','2018-12-01 20:25:00',14.42,49.6,32),(93,9,'2018-12-01 06:00:00','2018-12-01 20:25:00',14.42,24.8,32),(94,1,'2019-01-01 06:00:00','2019-01-01 18:20:00',12.33,44,33),(95,5,'2019-01-01 06:00:00','2019-01-01 18:20:00',12.33,44,33),(96,9,'2019-01-01 06:00:00','2019-01-01 18:20:00',12.33,22,33),(97,1,'2019-02-01 06:00:00','2019-02-01 14:10:00',8.17,76.8,34),(98,5,'2019-02-01 06:00:00','2019-02-01 14:10:00',8.17,76.8,34),(99,9,'2019-02-01 06:00:00','2019-02-01 14:10:00',8.17,38.4,34),(100,1,'2019-03-01 06:00:00','2019-03-01 15:10:00',9.17,72.4,35),(101,5,'2019-03-01 06:00:00','2019-03-01 15:10:00',9.17,72.4,35),(102,9,'2019-03-01 06:00:00','2019-03-01 15:10:00',9.17,36.2,35),(103,1,'2019-04-01 06:00:00','2019-04-01 14:10:00',8.17,69.6,36),(104,5,'2019-04-01 06:00:00','2019-04-01 14:10:00',8.17,69.6,36),(105,9,'2019-04-01 06:00:00','2019-04-01 14:10:00',8.17,34.8,36),(106,2,'2018-01-01 03:00:00','2018-01-01 09:25:00',6.42,76,41),(107,5,'2018-01-01 03:00:00','2018-01-01 09:25:00',6.42,76,41),(108,10,'2018-01-01 03:00:00','2018-01-01 09:25:00',6.42,38,41),(109,2,'2018-02-01 03:00:00','2018-02-01 09:25:00',6.42,78.4,42),(110,5,'2018-02-01 03:00:00','2018-02-01 09:25:00',6.42,78.4,42),(111,10,'2018-02-01 03:00:00','2018-02-01 09:25:00',6.42,39.2,42),(112,2,'2018-03-01 03:00:00','2018-03-01 12:34:00',9.57,84,43),(113,5,'2018-03-01 03:00:00','2018-03-01 12:34:00',9.57,84,43),(114,10,'2018-03-01 03:00:00','2018-03-01 12:34:00',9.57,42,43),(115,2,'2018-04-01 03:00:00','2018-04-01 08:46:00',5.77,88,44),(116,5,'2018-04-01 03:00:00','2018-04-01 08:46:00',5.77,88,44),(117,10,'2018-04-01 03:00:00','2018-04-01 08:46:00',5.77,44,44),(118,2,'2018-05-01 03:00:00','2018-05-01 14:35:00',11.58,81.6,45),(119,5,'2018-05-01 03:00:00','2018-05-01 14:35:00',11.58,81.6,45),(120,10,'2018-05-01 03:00:00','2018-05-01 14:35:00',11.58,40.8,45),(121,2,'2018-06-01 03:00:00','2018-06-01 13:10:00',10.17,82.4,46),(122,5,'2018-06-01 03:00:00','2018-06-01 13:10:00',10.17,82.4,46),(123,10,'2018-06-01 03:00:00','2018-06-01 13:10:00',10.17,41.2,46),(124,2,'2018-07-01 03:00:00','2018-07-01 16:14:00',13.23,92,47),(125,5,'2018-07-01 03:00:00','2018-07-01 16:14:00',13.23,92,47),(126,10,'2018-07-01 03:00:00','2018-07-01 16:14:00',13.23,46,47),(127,2,'2018-08-01 03:00:00','2018-08-01 19:25:00',16.42,72,48),(128,5,'2018-08-01 03:00:00','2018-08-01 19:25:00',16.42,72,48),(129,10,'2018-08-01 03:00:00','2018-08-01 19:25:00',16.42,36,48),(130,2,'2018-09-01 03:00:00','2018-09-01 11:15:00',8.25,64,49),(131,5,'2018-09-01 03:00:00','2018-09-01 11:15:00',8.25,64,49),(132,10,'2018-09-01 03:00:00','2018-09-01 11:15:00',8.25,32,49),(133,2,'2018-10-01 03:00:00','2018-10-01 13:14:00',10.23,70.4,50),(134,5,'2018-10-01 03:00:00','2018-10-01 13:14:00',10.23,70.4,50),(135,10,'2018-10-01 03:00:00','2018-10-01 13:14:00',10.23,35.2,50),(136,2,'2018-11-01 03:00:00','2018-11-01 16:50:00',13.83,90,51),(137,5,'2018-11-01 03:00:00','2018-11-01 16:50:00',13.83,90,51),(138,10,'2018-11-01 03:00:00','2018-11-01 16:50:00',13.83,45,51),(139,2,'2018-12-01 03:00:00','2018-12-01 20:25:00',17.42,84,52),(140,5,'2018-12-01 03:00:00','2018-12-01 20:25:00',17.42,84,52),(141,10,'2018-12-01 03:00:00','2018-12-01 20:25:00',17.42,42,52),(142,2,'2019-01-01 03:00:00','2019-01-01 18:20:00',15.33,64,53),(143,5,'2019-01-01 03:00:00','2019-01-01 18:20:00',15.33,64,53),(144,10,'2019-01-01 03:00:00','2019-01-01 18:20:00',15.33,32,53),(145,2,'2019-02-01 03:00:00','2019-02-01 14:10:00',11.17,76.8,54),(146,5,'2019-02-01 03:00:00','2019-02-01 14:10:00',11.17,76.8,54),(147,10,'2019-02-01 03:00:00','2019-02-01 14:10:00',11.17,38.4,54),(148,2,'2019-03-01 03:00:00','2019-03-01 15:10:00',12.17,72.4,55),(149,5,'2019-03-01 03:00:00','2019-03-01 15:10:00',12.17,72.4,55),(150,10,'2019-03-01 03:00:00','2019-03-01 15:10:00',12.17,36.2,55),(151,2,'2019-04-01 03:00:00','2019-04-01 14:10:00',11.17,77.2,56),(152,5,'2019-04-01 03:00:00','2019-04-01 14:10:00',11.17,77.2,56),(153,10,'2019-04-01 03:00:00','2019-04-01 14:10:00',11.17,38.6,56),(154,3,'2018-01-01 01:00:00','2018-01-01 09:25:00',8.42,50,61),(155,6,'2018-01-01 01:00:00','2018-01-01 09:25:00',8.42,50,61),(156,12,'2018-01-01 01:00:00','2018-01-01 09:25:00',8.42,25,61),(157,3,'2018-02-01 01:00:00','2018-02-01 09:25:00',8.42,54.4,62),(158,6,'2018-02-01 01:00:00','2018-02-01 09:25:00',8.42,54.4,62),(159,12,'2018-02-01 01:00:00','2018-02-01 09:25:00',8.42,27.2,62),(160,3,'2018-03-01 01:00:00','2018-03-01 12:34:00',11.57,56,63),(161,6,'2018-03-01 01:00:00','2018-03-01 12:34:00',11.57,56,63),(162,12,'2018-03-01 01:00:00','2018-03-01 12:34:00',11.57,28,63),(163,3,'2018-04-01 01:00:00','2018-04-01 08:46:00',7.77,48,64),(164,6,'2018-04-01 01:00:00','2018-04-01 08:46:00',7.77,48,64),(165,12,'2018-04-01 01:00:00','2018-04-01 08:46:00',7.77,24,64),(166,3,'2018-05-01 01:00:00','2018-05-01 14:35:00',13.58,49.6,65),(167,6,'2018-05-01 01:00:00','2018-05-01 14:35:00',13.58,49.6,65),(168,12,'2018-05-01 01:00:00','2018-05-01 14:35:00',13.58,24.8,65),(169,3,'2018-06-01 01:00:00','2018-06-01 13:10:00',12.17,46.4,66),(170,6,'2018-06-01 01:00:00','2018-06-01 13:10:00',12.17,46.4,66),(171,12,'2018-06-01 01:00:00','2018-06-01 13:10:00',12.17,23.2,66),(172,3,'2018-07-01 01:00:00','2018-07-01 16:14:00',15.23,52,67),(173,6,'2018-07-01 01:00:00','2018-07-01 16:14:00',15.23,52,67),(174,12,'2018-07-01 01:00:00','2018-07-01 16:14:00',15.23,26,67),(175,3,'2018-08-01 01:00:00','2018-08-01 19:25:00',18.42,72,68),(176,6,'2018-08-01 01:00:00','2018-08-01 19:25:00',18.42,72,68),(177,12,'2018-08-01 01:00:00','2018-08-01 19:25:00',18.42,36,68),(178,3,'2018-09-01 01:00:00','2018-09-01 11:15:00',10.25,64,69),(179,6,'2018-09-01 01:00:00','2018-09-01 11:15:00',10.25,64,69),(180,12,'2018-09-01 01:00:00','2018-09-01 11:15:00',10.25,32,69),(181,3,'2018-10-01 01:00:00','2018-10-01 13:14:00',12.23,70.4,70),(182,6,'2018-10-01 01:00:00','2018-10-01 13:14:00',12.23,70.4,70),(183,12,'2018-10-01 01:00:00','2018-10-01 13:14:00',12.23,35.2,70),(184,3,'2018-11-01 01:00:00','2018-11-01 16:50:00',15.83,50,71),(185,6,'2018-11-01 01:00:00','2018-11-01 16:50:00',15.83,50,71),(186,12,'2018-11-01 01:00:00','2018-11-01 16:50:00',15.83,25,71),(187,3,'2018-12-01 01:00:00','2018-12-01 20:25:00',19.42,44,72),(188,6,'2018-12-01 01:00:00','2018-12-01 20:25:00',19.42,44,72),(189,12,'2018-12-01 01:00:00','2018-12-01 20:25:00',19.42,22,72),(190,3,'2019-01-01 01:00:00','2019-01-01 18:20:00',17.33,54.4,73),(191,6,'2019-01-01 01:00:00','2019-01-01 18:20:00',17.33,54.4,73),(192,12,'2019-01-01 01:00:00','2019-01-01 18:20:00',17.33,27.2,73),(193,3,'2019-02-01 01:00:00','2019-02-01 14:10:00',13.17,48.8,74),(194,6,'2019-02-01 01:00:00','2019-02-01 14:10:00',13.17,48.8,74),(195,12,'2019-02-01 01:00:00','2019-02-01 14:10:00',13.17,24.4,74),(196,3,'2019-03-01 01:00:00','2019-03-01 15:10:00',14.17,52.4,75),(197,6,'2019-03-01 01:00:00','2019-03-01 15:10:00',14.17,52.4,75),(198,12,'2019-03-01 01:00:00','2019-03-01 15:10:00',14.17,26.2,75),(199,3,'2019-04-01 01:00:00','2019-04-01 14:10:00',13.17,53.2,76),(200,6,'2019-04-01 01:00:00','2019-04-01 14:10:00',13.17,53.2,76),(201,12,'2019-04-01 01:00:00','2019-04-01 14:10:00',13.17,26.6,76),(202,1,'2018-01-01 02:00:00','2018-01-01 09:25:00',7.42,62,81),(203,6,'2018-01-01 02:00:00','2018-01-01 09:25:00',7.42,62,81),(204,11,'2018-01-01 02:00:00','2018-01-01 09:25:00',7.42,31,81),(205,1,'2018-02-01 02:00:00','2018-02-01 09:25:00',7.42,70.4,82),(206,6,'2018-02-01 02:00:00','2018-02-01 09:25:00',7.42,70.4,82),(207,11,'2018-02-01 02:00:00','2018-02-01 09:25:00',7.42,35.2,82),(208,1,'2018-03-01 02:00:00','2018-03-01 12:34:00',10.57,56,83),(209,6,'2018-03-01 02:00:00','2018-03-01 12:34:00',10.57,56,83),(210,11,'2018-03-01 02:00:00','2018-03-01 12:34:00',10.57,28,83),(211,1,'2018-04-01 02:00:00','2018-04-01 08:46:00',6.77,64,84),(212,6,'2018-04-01 02:00:00','2018-04-01 08:46:00',6.77,64,84),(213,11,'2018-04-01 02:00:00','2018-04-01 08:46:00',6.77,32,84),(214,1,'2018-05-01 02:00:00','2018-05-01 14:35:00',12.58,49.6,85),(215,6,'2018-05-01 02:00:00','2018-05-01 14:35:00',12.58,49.6,85),(216,11,'2018-05-01 02:00:00','2018-05-01 14:35:00',12.58,24.8,85),(217,1,'2018-06-01 02:00:00','2018-06-01 13:10:00',11.17,66.4,86),(218,6,'2018-06-01 02:00:00','2018-06-01 13:10:00',11.17,66.4,86),(219,11,'2018-06-01 02:00:00','2018-06-01 13:10:00',11.17,33.2,86),(220,1,'2018-07-01 02:00:00','2018-07-01 16:14:00',14.23,52,87),(221,6,'2018-07-01 02:00:00','2018-07-01 16:14:00',14.23,52,87),(222,11,'2018-07-01 02:00:00','2018-07-01 16:14:00',14.23,26,87),(223,1,'2018-08-01 02:00:00','2018-08-01 19:25:00',17.42,72,88),(224,6,'2018-08-01 02:00:00','2018-08-01 19:25:00',17.42,72,88),(225,11,'2018-08-01 02:00:00','2018-08-01 19:25:00',17.42,36,88),(226,1,'2018-09-01 02:00:00','2018-09-01 11:15:00',9.25,64,89),(227,6,'2018-09-01 02:00:00','2018-09-01 11:15:00',9.25,64,89),(228,11,'2018-09-01 02:00:00','2018-09-01 11:15:00',9.25,32,89),(229,1,'2018-10-01 02:00:00','2018-10-01 13:14:00',11.23,70.4,90),(230,6,'2018-10-01 02:00:00','2018-10-01 13:14:00',11.23,70.4,90),(231,11,'2018-10-01 02:00:00','2018-10-01 13:14:00',11.23,35.2,90),(232,1,'2018-11-01 02:00:00','2018-11-01 16:50:00',14.83,62,91),(233,6,'2018-11-01 02:00:00','2018-11-01 16:50:00',14.83,62,91),(234,11,'2018-11-01 02:00:00','2018-11-01 16:50:00',14.83,31,91),(235,1,'2018-12-01 02:00:00','2018-12-01 20:25:00',18.42,72,92),(236,6,'2018-12-01 02:00:00','2018-12-01 20:25:00',18.42,72,92),(237,11,'2018-12-01 02:00:00','2018-12-01 20:25:00',18.42,36,92),(238,1,'2019-01-01 02:00:00','2019-01-01 18:20:00',16.33,54.4,93),(239,6,'2019-01-01 02:00:00','2019-01-01 18:20:00',16.33,54.4,93),(240,11,'2019-01-01 02:00:00','2019-01-01 18:20:00',16.33,27.2,93),(241,1,'2019-02-01 02:00:00','2019-02-01 14:10:00',12.17,60.8,94),(242,6,'2019-02-01 02:00:00','2019-02-01 14:10:00',12.17,60.8,94),(243,11,'2019-02-01 02:00:00','2019-02-01 14:10:00',12.17,30.4,94),(244,1,'2019-03-01 02:00:00','2019-03-01 15:10:00',13.17,52.4,95),(245,6,'2019-03-01 02:00:00','2019-03-01 15:10:00',13.17,52.4,95),(246,11,'2019-03-01 02:00:00','2019-03-01 15:10:00',13.17,26.2,95),(247,1,'2019-04-01 02:00:00','2019-04-01 14:10:00',12.17,57.2,96),(248,6,'2019-04-01 02:00:00','2019-04-01 14:10:00',12.17,57.2,96),(249,11,'2019-04-01 02:00:00','2019-04-01 14:10:00',12.17,28.6,96),(250,2,'2018-01-01 04:00:00','2018-01-01 09:25:00',5.42,62,101),(251,6,'2018-01-01 04:00:00','2018-01-01 09:25:00',5.42,62,101),(252,12,'2018-01-01 04:00:00','2018-01-01 09:25:00',5.42,31,101),(253,2,'2018-02-01 04:00:00','2018-02-01 09:25:00',5.42,70.4,102),(254,6,'2018-02-01 04:00:00','2018-02-01 09:25:00',5.42,70.4,102),(255,12,'2018-02-01 04:00:00','2018-02-01 09:25:00',5.42,35.2,102),(256,2,'2018-03-01 04:00:00','2018-03-01 12:34:00',8.57,72,103),(257,6,'2018-03-01 04:00:00','2018-03-01 12:34:00',8.57,72,103),(258,12,'2018-03-01 04:00:00','2018-03-01 12:34:00',8.57,36,103),(259,2,'2018-04-01 04:00:00','2018-04-01 08:46:00',4.77,64,104),(260,6,'2018-04-01 04:00:00','2018-04-01 08:46:00',4.77,64,104),(261,12,'2018-04-01 04:00:00','2018-04-01 08:46:00',4.77,32,104),(262,2,'2018-05-01 04:00:00','2018-05-01 14:35:00',10.58,77.6,105),(263,6,'2018-05-01 04:00:00','2018-05-01 14:35:00',10.58,77.6,105),(264,12,'2018-05-01 04:00:00','2018-05-01 14:35:00',10.58,38.8,105),(265,2,'2018-06-01 04:00:00','2018-06-01 13:10:00',9.17,66.4,106),(266,6,'2018-06-01 04:00:00','2018-06-01 13:10:00',9.17,66.4,106),(267,12,'2018-06-01 04:00:00','2018-06-01 13:10:00',9.17,33.2,106),(268,2,'2018-07-01 04:00:00','2018-07-01 16:14:00',12.23,76,107),(269,6,'2018-07-01 04:00:00','2018-07-01 16:14:00',12.23,76,107),(270,12,'2018-07-01 04:00:00','2018-07-01 16:14:00',12.23,38,107),(271,2,'2018-08-01 04:00:00','2018-08-01 19:25:00',15.42,72,108),(272,6,'2018-08-01 04:00:00','2018-08-01 19:25:00',15.42,72,108),(273,12,'2018-08-01 04:00:00','2018-08-01 19:25:00',15.42,36,108),(274,2,'2018-09-01 04:00:00','2018-09-01 11:15:00',7.25,64,109),(275,6,'2018-09-01 04:00:00','2018-09-01 11:15:00',7.25,64,109),(276,12,'2018-09-01 04:00:00','2018-09-01 11:15:00',7.25,32,109),(277,2,'2018-10-01 04:00:00','2018-10-01 13:14:00',9.23,70.4,110),(278,6,'2018-10-01 04:00:00','2018-10-01 13:14:00',9.23,70.4,110),(279,12,'2018-10-01 04:00:00','2018-10-01 13:14:00',9.23,35.2,110),(280,2,'2018-11-01 04:00:00','2018-11-01 16:50:00',12.83,62,111),(281,6,'2018-11-01 04:00:00','2018-11-01 16:50:00',12.83,62,111),(282,12,'2018-11-01 04:00:00','2018-11-01 16:50:00',12.83,31,111),(283,2,'2018-12-01 04:00:00','2018-12-01 20:25:00',16.42,72,112),(284,6,'2018-12-01 04:00:00','2018-12-01 20:25:00',16.42,72,112),(285,12,'2018-12-01 04:00:00','2018-12-01 20:25:00',16.42,36,112),(286,2,'2019-01-01 04:00:00','2019-01-01 18:20:00',14.33,78.4,113),(287,6,'2019-01-01 04:00:00','2019-01-01 18:20:00',14.33,78.4,113),(288,12,'2019-01-01 04:00:00','2019-01-01 18:20:00',14.33,39.2,113),(289,2,'2019-02-01 04:00:00','2019-02-01 14:10:00',10.17,60.8,114),(290,6,'2019-02-01 04:00:00','2019-02-01 14:10:00',10.17,60.8,114),(291,12,'2019-02-01 04:00:00','2019-02-01 14:10:00',10.17,30.4,114),(292,2,'2019-03-01 04:00:00','2019-03-01 15:10:00',11.17,80.4,115),(293,6,'2019-03-01 04:00:00','2019-03-01 15:10:00',11.17,80.4,115),(294,12,'2019-03-01 04:00:00','2019-03-01 15:10:00',11.17,40.2,115),(295,2,'2019-04-01 04:00:00','2019-04-01 14:10:00',10.17,85.2,116),(296,6,'2019-04-01 04:00:00','2019-04-01 14:10:00',10.17,85.2,116),(297,12,'2019-04-01 04:00:00','2019-04-01 14:10:00',10.17,42.6,116),(736,13,'2018-01-02 04:00:00','2018-01-02 11:53:00',7.88,109.2,499),(737,15,'2018-01-02 04:00:00','2018-01-02 11:53:00',7.88,109.2,499),(738,17,'2018-01-02 04:00:00','2018-01-02 11:53:00',7.88,54.6,499),(739,13,'2018-02-02 04:00:00','2018-02-02 08:50:00',4.83,88.4,500),(740,15,'2018-02-02 04:00:00','2018-02-02 08:50:00',4.83,88.4,500),(741,17,'2018-02-02 04:00:00','2018-02-02 08:50:00',4.83,44.2,500),(742,13,'2018-03-02 03:00:00','2018-03-02 08:34:00',5.57,107.2,501),(743,15,'2018-03-02 03:00:00','2018-03-02 08:34:00',5.57,107.2,501),(744,17,'2018-03-02 03:00:00','2018-03-02 08:34:00',5.57,53.6,501),(745,13,'2018-04-02 02:00:00','2018-04-02 08:18:00',6.3,118.4,502),(746,15,'2018-04-02 02:00:00','2018-04-02 08:18:00',6.3,118.4,502),(747,17,'2018-04-02 02:00:00','2018-04-02 08:18:00',6.3,59.2,502),(748,13,'2018-05-02 03:00:00','2018-05-02 08:07:00',5.12,98.4,503),(749,15,'2018-05-02 03:00:00','2018-05-02 08:07:00',5.12,98.4,503),(750,17,'2018-05-02 03:00:00','2018-05-02 08:07:00',5.12,49.2,503),(751,13,'2018-06-02 04:00:00','2018-06-02 10:28:00',6.47,108,504),(752,15,'2018-06-02 04:00:00','2018-06-02 10:28:00',6.47,108,504),(753,17,'2018-06-02 04:00:00','2018-06-02 10:28:00',6.47,54,504),(754,13,'2018-07-02 02:00:00','2018-07-02 12:24:00',10.4,96,505),(755,15,'2018-07-02 02:00:00','2018-07-02 12:24:00',10.4,96,505),(756,17,'2018-07-02 02:00:00','2018-07-02 12:24:00',10.4,48,505),(757,13,'2018-08-02 01:00:00','2018-08-02 08:03:00',7.05,89.2,506),(758,15,'2018-08-02 01:00:00','2018-08-02 08:03:00',7.05,89.2,506),(759,17,'2018-08-02 01:00:00','2018-08-02 08:03:00',7.05,44.6,506),(760,13,'2018-09-02 04:00:00','2018-09-02 08:49:00',4.82,103.6,507),(761,15,'2018-09-02 04:00:00','2018-09-02 08:49:00',4.82,103.6,507),(762,17,'2018-09-02 04:00:00','2018-09-02 08:49:00',4.82,51.8,507),(763,13,'2018-10-02 01:00:00','2018-10-02 11:55:00',10.92,84,508),(764,15,'2018-10-02 01:00:00','2018-10-02 11:55:00',10.92,84,508),(765,17,'2018-10-02 01:00:00','2018-10-02 11:55:00',10.92,42,508),(766,13,'2018-11-02 04:00:00','2018-11-02 10:27:00',6.45,108.4,509),(767,15,'2018-11-02 04:00:00','2018-11-02 10:27:00',6.45,108.4,509),(768,17,'2018-11-02 04:00:00','2018-11-02 10:27:00',6.45,54.2,509),(769,13,'2018-12-02 01:00:00','2018-12-02 10:22:00',9.37,108.4,510),(770,15,'2018-12-02 01:00:00','2018-12-02 10:22:00',9.37,108.4,510),(771,17,'2018-12-02 01:00:00','2018-12-02 10:22:00',9.37,54.2,510),(772,13,'2019-01-02 00:00:00','2019-01-02 10:41:00',10.68,103.6,511),(773,15,'2019-01-02 00:00:00','2019-01-02 10:41:00',10.68,103.6,511),(774,17,'2019-01-02 00:00:00','2019-01-02 10:41:00',10.68,51.8,511),(775,13,'2019-02-02 00:00:00','2019-02-02 09:10:00',9.17,84.8,512),(776,15,'2019-02-02 00:00:00','2019-02-02 09:10:00',9.17,84.8,512),(777,17,'2019-02-02 00:00:00','2019-02-02 09:10:00',9.17,42.4,512),(778,13,'2019-03-02 02:00:00','2019-03-02 10:29:00',8.48,112.8,513),(779,15,'2019-03-02 02:00:00','2019-03-02 10:29:00',8.48,112.8,513),(780,17,'2019-03-02 02:00:00','2019-03-02 10:29:00',8.48,56.4,513),(781,13,'2019-04-02 02:00:00','2019-04-02 10:27:00',8.45,94,514),(782,15,'2019-04-02 02:00:00','2019-04-02 10:27:00',8.45,94,514),(783,17,'2019-04-02 02:00:00','2019-04-02 10:27:00',8.45,47,514),(784,14,'2018-01-02 04:00:00','2018-01-02 12:54:00',8.9,83.2,515),(785,16,'2018-01-02 04:00:00','2018-01-02 12:54:00',8.9,83.2,515),(786,18,'2018-01-02 04:00:00','2018-01-02 12:54:00',8.9,41.6,515),(787,14,'2018-02-02 00:00:00','2018-02-02 10:19:00',10.32,94.8,516),(788,16,'2018-02-02 00:00:00','2018-02-02 10:19:00',10.32,94.8,516),(789,18,'2018-02-02 00:00:00','2018-02-02 10:19:00',10.32,47.4,516),(790,14,'2018-03-02 00:00:00','2018-03-02 08:25:00',8.42,103.2,517),(791,16,'2018-03-02 00:00:00','2018-03-02 08:25:00',8.42,103.2,517),(792,18,'2018-03-02 00:00:00','2018-03-02 08:25:00',8.42,51.6,517),(793,14,'2018-04-02 00:00:00','2018-04-02 10:39:00',10.65,106.4,518),(794,16,'2018-04-02 00:00:00','2018-04-02 10:39:00',10.65,106.4,518),(795,18,'2018-04-02 00:00:00','2018-04-02 10:39:00',10.65,53.2,518),(796,14,'2018-05-02 03:00:00','2018-05-02 10:06:00',7.1,118.4,519),(797,16,'2018-05-02 03:00:00','2018-05-02 10:06:00',7.1,118.4,519),(798,18,'2018-05-02 03:00:00','2018-05-02 10:06:00',7.1,59.2,519),(799,14,'2018-06-02 01:00:00','2018-06-02 08:37:00',7.62,106.4,520),(800,16,'2018-06-02 01:00:00','2018-06-02 08:37:00',7.62,106.4,520),(801,18,'2018-06-02 01:00:00','2018-06-02 08:37:00',7.62,53.2,520),(802,14,'2018-07-02 03:00:00','2018-07-02 11:38:00',8.63,85.6,521),(803,16,'2018-07-02 03:00:00','2018-07-02 11:38:00',8.63,85.6,521),(804,18,'2018-07-02 03:00:00','2018-07-02 11:38:00',8.63,42.8,521),(805,14,'2018-08-02 03:00:00','2018-08-02 11:30:00',8.5,104.4,522),(806,16,'2018-08-02 03:00:00','2018-08-02 11:30:00',8.5,104.4,522),(807,18,'2018-08-02 03:00:00','2018-08-02 11:30:00',8.5,52.2,522),(808,14,'2018-09-02 04:00:00','2018-09-02 10:48:00',6.8,96.8,523),(809,16,'2018-09-02 04:00:00','2018-09-02 10:48:00',6.8,96.8,523),(810,18,'2018-09-02 04:00:00','2018-09-02 10:48:00',6.8,48.4,523),(811,14,'2018-10-02 03:00:00','2018-10-02 10:22:00',7.37,118.4,524),(812,16,'2018-10-02 03:00:00','2018-10-02 10:22:00',7.37,118.4,524),(813,18,'2018-10-02 03:00:00','2018-10-02 10:22:00',7.37,59.2,524),(814,14,'2018-11-02 00:00:00','2018-11-02 11:45:00',11.75,86.4,525),(815,16,'2018-11-02 00:00:00','2018-11-02 11:45:00',11.75,86.4,525),(816,18,'2018-11-02 00:00:00','2018-11-02 11:45:00',11.75,43.2,525),(817,14,'2018-12-02 00:00:00','2018-12-02 10:40:00',10.67,114,526),(818,16,'2018-12-02 00:00:00','2018-12-02 10:40:00',10.67,114,526),(819,18,'2018-12-02 00:00:00','2018-12-02 10:40:00',10.67,57,526),(820,14,'2018-01-02 03:00:00','2018-01-02 12:02:00',9.03,108,527),(821,16,'2018-01-02 03:00:00','2018-01-02 12:02:00',9.03,108,527),(822,18,'2018-01-02 03:00:00','2018-01-02 12:02:00',9.03,54,527),(823,14,'2019-02-02 04:00:00','2019-02-02 10:33:00',6.55,82.4,528),(824,16,'2019-02-02 04:00:00','2019-02-02 10:33:00',6.55,82.4,528),(825,18,'2019-02-02 04:00:00','2019-02-02 10:33:00',6.55,41.2,528),(826,14,'2019-03-02 04:00:00','2019-03-02 12:38:00',8.63,111.6,529),(827,16,'2019-03-02 04:00:00','2019-03-02 12:38:00',8.63,111.6,529),(828,18,'2019-03-02 04:00:00','2019-03-02 12:38:00',8.63,55.8,529),(829,14,'2019-04-02 03:00:00','2019-04-02 11:11:00',8.18,90,530),(830,16,'2019-04-02 03:00:00','2019-04-02 11:11:00',8.18,90,530),(831,18,'2019-04-02 03:00:00','2019-04-02 11:11:00',8.18,45,530),(832,14,'2019-01-02 01:00:00','2019-01-02 12:14:00',11.23,95.6,531),(833,16,'2019-01-02 01:00:00','2019-01-02 12:14:00',11.23,95.6,531),(834,18,'2019-01-02 01:00:00','2019-01-02 12:14:00',11.23,47.8,531),(835,13,'2018-02-02 01:00:00','2018-02-02 08:29:00',7.48,85.2,532),(836,16,'2018-02-02 01:00:00','2018-02-02 08:29:00',7.48,85.2,532),(837,18,'2018-02-02 01:00:00','2018-02-02 08:29:00',7.48,42.6,532),(838,13,'2018-03-02 00:00:00','2018-03-02 10:59:00',10.98,114,533),(839,16,'2018-03-02 00:00:00','2018-03-02 10:59:00',10.98,114,533),(840,18,'2018-03-02 00:00:00','2018-03-02 10:59:00',10.98,57,533),(841,13,'2018-04-02 02:00:00','2018-04-02 10:50:00',8.83,90.8,534),(842,16,'2018-04-02 02:00:00','2018-04-02 10:50:00',8.83,90.8,534),(843,18,'2018-04-02 02:00:00','2018-04-02 10:50:00',8.83,45.4,534),(844,13,'2018-05-02 04:00:00','2018-05-02 08:24:00',4.4,102,535),(845,16,'2018-05-02 04:00:00','2018-05-02 08:24:00',4.4,102,535),(846,18,'2018-05-02 04:00:00','2018-05-02 08:24:00',4.4,51,535),(847,13,'2018-06-02 04:00:00','2018-06-02 12:43:00',8.72,119.2,536),(848,16,'2018-06-02 04:00:00','2018-06-02 12:43:00',8.72,119.2,536),(849,18,'2018-06-02 04:00:00','2018-06-02 12:43:00',8.72,59.6,536),(850,13,'2018-07-02 01:00:00','2018-07-02 11:47:00',10.78,82,537),(851,16,'2018-07-02 01:00:00','2018-07-02 11:47:00',10.78,82,537),(852,18,'2018-07-02 01:00:00','2018-07-02 11:47:00',10.78,41,537),(853,13,'2018-08-02 00:00:00','2018-08-02 10:38:00',10.63,108.4,538),(854,16,'2018-08-02 00:00:00','2018-08-02 10:38:00',10.63,108.4,538),(855,18,'2018-08-02 00:00:00','2018-08-02 10:38:00',10.63,54.2,538),(856,13,'2018-09-02 00:00:00','2018-09-02 11:38:00',11.63,108.4,539),(857,16,'2018-09-02 00:00:00','2018-09-02 11:38:00',11.63,108.4,539),(858,18,'2018-09-02 00:00:00','2018-09-02 11:38:00',11.63,54.2,539),(859,13,'2018-10-02 02:00:00','2018-10-02 12:23:00',10.38,80.4,540),(860,16,'2018-10-02 02:00:00','2018-10-02 12:23:00',10.38,80.4,540),(861,18,'2018-10-02 02:00:00','2018-10-02 12:23:00',10.38,40.2,540),(862,13,'2018-11-02 03:00:00','2018-11-02 10:27:00',7.45,90,541),(863,16,'2018-11-02 03:00:00','2018-11-02 10:27:00',7.45,90,541),(864,18,'2018-11-02 03:00:00','2018-11-02 10:27:00',7.45,45,541),(865,13,'2018-12-02 00:00:00','2018-12-02 12:16:00',12.27,106,542),(866,16,'2018-12-02 00:00:00','2018-12-02 12:16:00',12.27,106,542),(867,18,'2018-12-02 00:00:00','2018-12-02 12:16:00',12.27,53,542),(868,13,'2018-01-02 03:00:00','2018-01-02 11:54:00',8.9,115.6,543),(869,16,'2018-01-02 03:00:00','2018-01-02 11:54:00',8.9,115.6,543),(870,18,'2018-01-02 03:00:00','2018-01-02 11:54:00',8.9,57.8,543),(871,13,'2018-02-02 04:00:00','2018-02-02 08:38:00',4.63,100,544),(872,16,'2018-02-02 04:00:00','2018-02-02 08:38:00',4.63,100,544),(873,18,'2018-02-02 04:00:00','2018-02-02 08:38:00',4.63,50,544),(874,13,'2019-03-02 02:00:00','2019-03-02 12:07:00',10.12,106,545),(875,16,'2019-03-02 02:00:00','2019-03-02 12:07:00',10.12,106,545),(876,18,'2019-03-02 02:00:00','2019-03-02 12:07:00',10.12,53,545),(877,13,'2019-04-02 03:00:00','2019-04-02 09:44:00',6.73,86,546),(878,16,'2019-04-02 03:00:00','2019-04-02 09:44:00',6.73,86,546),(879,18,'2019-04-02 03:00:00','2019-04-02 09:44:00',6.73,43,546),(880,25,'2018-01-03 00:00:00','2018-01-03 10:22:00',10.37,49.2,580),(881,27,'2018-01-03 00:00:00','2018-01-03 10:22:00',10.37,49.2,580),(882,29,'2018-01-03 00:00:00','2018-01-03 10:22:00',10.37,24.6,580),(883,25,'2018-02-03 04:00:00','2018-02-03 12:14:00',8.23,56.8,581),(884,27,'2018-02-03 04:00:00','2018-02-03 12:14:00',8.23,56.8,581),(885,29,'2018-02-03 04:00:00','2018-02-03 12:14:00',8.23,28.4,581),(886,25,'2018-03-03 04:00:00','2018-03-03 11:29:00',7.48,50,582),(887,27,'2018-03-03 04:00:00','2018-03-03 11:29:00',7.48,50,582),(888,29,'2018-03-03 04:00:00','2018-03-03 11:29:00',7.48,25,582),(889,25,'2018-04-03 04:00:00','2018-04-03 12:32:00',8.53,78.8,583),(890,27,'2018-04-03 04:00:00','2018-04-03 12:32:00',8.53,78.8,583),(891,29,'2018-04-03 04:00:00','2018-04-03 12:32:00',8.53,39.4,583),(892,25,'2018-05-03 02:00:00','2018-05-03 12:17:00',10.28,46.4,584),(893,27,'2018-05-03 02:00:00','2018-05-03 12:17:00',10.28,46.4,584),(894,29,'2018-05-03 02:00:00','2018-05-03 12:17:00',10.28,23.2,584),(895,25,'2018-06-03 03:00:00','2018-06-03 11:32:00',8.53,55.6,585),(896,27,'2018-06-03 03:00:00','2018-06-03 11:32:00',8.53,55.6,585),(897,29,'2018-06-03 03:00:00','2018-06-03 11:32:00',8.53,27.8,585),(898,25,'2018-07-03 00:00:00','2018-07-03 08:28:00',8.47,54.8,586),(899,27,'2018-07-03 00:00:00','2018-07-03 08:28:00',8.47,54.8,586),(900,29,'2018-07-03 00:00:00','2018-07-03 08:28:00',8.47,27.4,586),(901,25,'2018-08-03 03:00:00','2018-08-03 10:33:00',7.55,79.6,587),(902,27,'2018-08-03 03:00:00','2018-08-03 10:33:00',7.55,79.6,587),(903,29,'2018-08-03 03:00:00','2018-08-03 10:33:00',7.55,39.8,587),(904,25,'2018-09-03 02:00:00','2018-09-03 08:18:00',6.3,67.2,588),(905,27,'2018-09-03 02:00:00','2018-09-03 08:18:00',6.3,67.2,588),(906,29,'2018-09-03 02:00:00','2018-09-03 08:18:00',6.3,33.6,588),(907,25,'2018-10-03 04:00:00','2018-10-03 12:59:00',8.98,72.4,589),(908,27,'2018-10-03 04:00:00','2018-10-03 12:59:00',8.98,72.4,589),(909,29,'2018-10-03 04:00:00','2018-10-03 12:59:00',8.98,36.2,589),(910,25,'2018-11-03 00:00:00','2018-11-03 08:55:00',8.92,51.6,590),(911,27,'2018-11-03 00:00:00','2018-11-03 08:55:00',8.92,51.6,590),(912,29,'2018-11-03 00:00:00','2018-11-03 08:55:00',8.92,25.8,590),(913,25,'2018-12-03 04:00:00','2018-12-03 09:56:00',5.93,60.4,591),(914,27,'2018-12-03 04:00:00','2018-12-03 09:56:00',5.93,60.4,591),(915,29,'2018-12-03 04:00:00','2018-12-03 09:56:00',5.93,30.2,591),(916,25,'2019-01-03 00:00:00','2019-01-03 09:16:00',9.27,66,592),(917,27,'2019-01-03 00:00:00','2019-01-03 09:16:00',9.27,66,592),(918,29,'2019-01-03 00:00:00','2019-01-03 09:16:00',9.27,33,592),(919,25,'2019-02-03 03:00:00','2019-02-03 12:59:00',9.98,72.4,593),(920,27,'2019-02-03 03:00:00','2019-02-03 12:59:00',9.98,72.4,593),(921,29,'2019-02-03 03:00:00','2019-02-03 12:59:00',9.98,36.2,593),(922,25,'2019-03-03 01:00:00','2019-03-03 12:55:00',11.92,54,594),(923,27,'2019-03-03 01:00:00','2019-03-03 12:55:00',11.92,54,594),(924,29,'2019-03-03 01:00:00','2019-03-03 12:55:00',11.92,27,594),(925,25,'2019-04-03 00:00:00','2019-04-03 11:01:00',11.02,67.6,595),(926,27,'2019-04-03 00:00:00','2019-04-03 11:01:00',11.02,67.6,595),(927,29,'2019-04-03 00:00:00','2019-04-03 11:01:00',11.02,33.8,595),(928,26,'2018-01-03 02:00:00','2018-01-03 12:57:00',10.95,74.4,596),(929,28,'2018-01-03 02:00:00','2018-01-03 12:57:00',10.95,74.4,596),(930,30,'2018-01-03 02:00:00','2018-01-03 12:57:00',10.95,37.2,596),(931,26,'2018-02-03 04:00:00','2018-02-03 11:58:00',7.97,63.6,597),(932,28,'2018-02-03 04:00:00','2018-02-03 11:58:00',7.97,63.6,597),(933,30,'2018-02-03 04:00:00','2018-02-03 11:58:00',7.97,31.8,597),(934,26,'2018-03-03 02:00:00','2018-03-03 10:39:00',8.65,40.4,598),(935,28,'2018-03-03 02:00:00','2018-03-03 10:39:00',8.65,40.4,598),(936,30,'2018-03-03 02:00:00','2018-03-03 10:39:00',8.65,20.2,598),(937,26,'2018-04-03 01:00:00','2018-04-03 08:02:00',7.03,70.8,599),(938,28,'2018-04-03 01:00:00','2018-04-03 08:02:00',7.03,70.8,599),(939,30,'2018-04-03 01:00:00','2018-04-03 08:02:00',7.03,35.4,599),(940,26,'2018-05-03 03:00:00','2018-05-03 10:00:00',7,58,600),(941,28,'2018-05-03 03:00:00','2018-05-03 10:00:00',7,58,600),(942,30,'2018-05-03 03:00:00','2018-05-03 10:00:00',7,29,600),(943,26,'2018-06-03 04:00:00','2018-06-03 10:38:00',6.63,41.2,601),(944,28,'2018-06-03 04:00:00','2018-06-03 10:38:00',6.63,41.2,601),(945,30,'2018-06-03 04:00:00','2018-06-03 10:38:00',6.63,20.6,601),(946,26,'2018-07-03 00:00:00','2018-07-03 12:10:00',12.17,66,602),(947,28,'2018-07-03 00:00:00','2018-07-03 12:10:00',12.17,66,602),(948,30,'2018-07-03 00:00:00','2018-07-03 12:10:00',12.17,33,602),(949,26,'2018-08-03 00:00:00','2018-08-03 11:22:00',11.37,52.4,603),(950,28,'2018-08-03 00:00:00','2018-08-03 11:22:00',11.37,52.4,603),(951,30,'2018-08-03 00:00:00','2018-08-03 11:22:00',11.37,26.2,603),(952,26,'2018-09-03 01:00:00','2018-09-03 09:26:00',8.43,66.8,604),(953,28,'2018-09-03 01:00:00','2018-09-03 09:26:00',8.43,66.8,604),(954,30,'2018-09-03 01:00:00','2018-09-03 09:26:00',8.43,33.4,604),(955,26,'2018-10-03 04:00:00','2018-10-03 08:13:00',4.22,77.6,605),(956,28,'2018-10-03 04:00:00','2018-10-03 08:13:00',4.22,77.6,605),(957,30,'2018-10-03 04:00:00','2018-10-03 08:13:00',4.22,38.8,605),(958,26,'2018-11-03 01:00:00','2018-11-03 09:27:00',8.45,55.6,606),(959,28,'2018-11-03 01:00:00','2018-11-03 09:27:00',8.45,55.6,606),(960,30,'2018-11-03 01:00:00','2018-11-03 09:27:00',8.45,27.8,606),(961,26,'2018-12-03 01:00:00','2018-12-03 08:34:00',7.57,50,607),(962,28,'2018-12-03 01:00:00','2018-12-03 08:34:00',7.57,50,607),(963,30,'2018-12-03 01:00:00','2018-12-03 08:34:00',7.57,25,607),(964,26,'2018-01-03 01:00:00','2018-01-03 11:24:00',10.4,79.2,608),(965,28,'2018-01-03 01:00:00','2018-01-03 11:24:00',10.4,79.2,608),(966,30,'2018-01-03 01:00:00','2018-01-03 11:24:00',10.4,39.6,608),(967,26,'2019-02-03 00:00:00','2019-02-03 08:27:00',8.45,69.2,609),(968,28,'2019-02-03 00:00:00','2019-02-03 08:27:00',8.45,69.2,609),(969,30,'2019-02-03 00:00:00','2019-02-03 08:27:00',8.45,34.6,609),(970,26,'2019-03-03 04:00:00','2019-03-03 10:28:00',6.47,72,610),(971,28,'2019-03-03 04:00:00','2019-03-03 10:28:00',6.47,72,610),(972,30,'2019-03-03 04:00:00','2019-03-03 10:28:00',6.47,36,610),(973,26,'2019-04-03 01:00:00','2019-04-03 12:06:00',11.1,49.2,611),(974,28,'2019-04-03 01:00:00','2019-04-03 12:06:00',11.1,49.2,611),(975,30,'2019-04-03 01:00:00','2019-04-03 12:06:00',11.1,24.6,611),(976,19,'2018-01-04 02:00:00','2018-01-04 10:48:00',8.8,64,612),(977,21,'2018-01-04 02:00:00','2018-01-04 10:48:00',8.8,64,612),(978,23,'2018-01-04 02:00:00','2018-01-04 10:48:00',8.8,32,612),(979,19,'2018-02-04 02:00:00','2018-02-04 09:43:00',7.72,93.2,613),(980,21,'2018-02-04 02:00:00','2018-02-04 09:43:00',7.72,93.2,613),(981,23,'2018-02-04 02:00:00','2018-02-04 09:43:00',7.72,46.6,613),(982,19,'2018-03-04 01:00:00','2018-03-04 08:44:00',7.73,85.6,614),(983,21,'2018-03-04 01:00:00','2018-03-04 08:44:00',7.73,85.6,614),(984,23,'2018-03-04 01:00:00','2018-03-04 08:44:00',7.73,42.8,614),(985,19,'2018-04-04 00:00:00','2018-04-04 11:52:00',11.87,88,615),(986,21,'2018-04-04 00:00:00','2018-04-04 11:52:00',11.87,88,615),(987,23,'2018-04-04 00:00:00','2018-04-04 11:52:00',11.87,44,615),(988,19,'2018-05-04 01:00:00','2018-05-04 09:17:00',8.28,70,616),(989,21,'2018-05-04 01:00:00','2018-05-04 09:17:00',8.28,70,616),(990,23,'2018-05-04 01:00:00','2018-05-04 09:17:00',8.28,35,616),(991,19,'2018-06-04 03:00:00','2018-06-04 11:01:00',8.02,93.2,617),(992,21,'2018-06-04 03:00:00','2018-06-04 11:01:00',8.02,93.2,617),(993,23,'2018-06-04 03:00:00','2018-06-04 11:01:00',8.02,46.6,617),(994,19,'2018-07-04 00:00:00','2018-07-04 11:03:00',11.05,95.6,618),(995,21,'2018-07-04 00:00:00','2018-07-04 11:03:00',11.05,95.6,618),(996,23,'2018-07-04 00:00:00','2018-07-04 11:03:00',11.05,47.8,618),(997,19,'2018-08-04 01:00:00','2018-08-04 11:29:00',10.48,82,619),(998,21,'2018-08-04 01:00:00','2018-08-04 11:29:00',10.48,82,619),(999,23,'2018-08-04 01:00:00','2018-08-04 11:29:00',10.48,41,619),(1000,19,'2018-09-04 00:00:00','2018-09-04 12:17:00',12.28,61.2,620),(1001,21,'2018-09-04 00:00:00','2018-09-04 12:17:00',12.28,61.2,620),(1002,23,'2018-09-04 00:00:00','2018-09-04 12:17:00',12.28,30.6,620),(1003,19,'2018-10-04 04:00:00','2018-10-04 08:14:00',4.23,86.4,621),(1004,21,'2018-10-04 04:00:00','2018-10-04 08:14:00',4.23,86.4,621),(1005,23,'2018-10-04 04:00:00','2018-10-04 08:14:00',4.23,43.2,621),(1006,19,'2018-11-04 00:00:00','2018-11-04 12:48:00',12.8,72.4,622),(1007,21,'2018-11-04 00:00:00','2018-11-04 12:48:00',12.8,72.4,622),(1008,23,'2018-11-04 00:00:00','2018-11-04 12:48:00',12.8,36.2,622),(1009,19,'2018-12-04 02:00:00','2018-12-04 08:25:00',6.42,65.2,623),(1010,21,'2018-12-04 02:00:00','2018-12-04 08:25:00',6.42,65.2,623),(1011,23,'2018-12-04 02:00:00','2018-12-04 08:25:00',6.42,32.6,623),(1012,19,'2019-01-04 01:00:00','2019-01-04 08:06:00',7.1,66,624),(1013,21,'2019-01-04 01:00:00','2019-01-04 08:06:00',7.1,66,624),(1014,23,'2019-01-04 01:00:00','2019-01-04 08:06:00',7.1,33,624),(1015,19,'2019-02-04 03:00:00','2019-02-04 09:13:00',6.22,91.6,625),(1016,21,'2019-02-04 03:00:00','2019-02-04 09:13:00',6.22,91.6,625),(1017,23,'2019-02-04 03:00:00','2019-02-04 09:13:00',6.22,45.8,625),(1018,19,'2019-03-04 03:00:00','2019-03-04 11:56:00',8.93,71.6,626),(1019,21,'2019-03-04 03:00:00','2019-03-04 11:56:00',8.93,71.6,626),(1020,23,'2019-03-04 03:00:00','2019-03-04 11:56:00',8.93,35.8,626),(1021,19,'2019-04-04 03:00:00','2019-04-04 08:07:00',5.12,66.8,627),(1022,21,'2019-04-04 03:00:00','2019-04-04 08:07:00',5.12,66.8,627),(1023,23,'2019-04-04 03:00:00','2019-04-04 08:07:00',5.12,33.4,627),(1024,20,'2018-01-04 00:00:00','2018-01-04 12:36:00',12.6,78,628),(1025,22,'2018-01-04 00:00:00','2018-01-04 12:36:00',12.6,78,628),(1026,24,'2018-01-04 00:00:00','2018-01-04 12:36:00',12.6,39,628),(1027,20,'2018-02-04 01:00:00','2018-02-04 08:44:00',7.73,87.2,629),(1028,22,'2018-02-04 01:00:00','2018-02-04 08:44:00',7.73,87.2,629),(1029,24,'2018-02-04 01:00:00','2018-02-04 08:44:00',7.73,43.6,629),(1030,20,'2018-03-04 04:00:00','2018-03-04 08:47:00',4.78,96.8,630),(1031,22,'2018-03-04 04:00:00','2018-03-04 08:47:00',4.78,96.8,630),(1032,24,'2018-03-04 04:00:00','2018-03-04 08:47:00',4.78,48.4,630),(1033,20,'2018-04-04 01:00:00','2018-04-04 08:13:00',7.22,88.4,631),(1034,22,'2018-04-04 01:00:00','2018-04-04 08:13:00',7.22,88.4,631),(1035,24,'2018-04-04 01:00:00','2018-04-04 08:13:00',7.22,44.2,631),(1036,20,'2018-05-04 01:00:00','2018-05-04 11:07:00',10.12,70,632),(1037,22,'2018-05-04 01:00:00','2018-05-04 11:07:00',10.12,70,632),(1038,24,'2018-05-04 01:00:00','2018-05-04 11:07:00',10.12,35,632),(1039,20,'2018-06-04 03:00:00','2018-06-04 10:49:00',7.82,64.4,633),(1040,22,'2018-06-04 03:00:00','2018-06-04 10:49:00',7.82,64.4,633),(1041,24,'2018-06-04 03:00:00','2018-06-04 10:49:00',7.82,32.2,633),(1042,20,'2018-07-04 04:00:00','2018-07-04 09:26:00',5.43,70.8,634),(1043,22,'2018-07-04 04:00:00','2018-07-04 09:26:00',5.43,70.8,634),(1044,24,'2018-07-04 04:00:00','2018-07-04 09:26:00',5.43,35.4,634),(1045,20,'2018-08-04 04:00:00','2018-08-04 09:54:00',5.9,87.6,635),(1046,22,'2018-08-04 04:00:00','2018-08-04 09:54:00',5.9,87.6,635),(1047,24,'2018-08-04 04:00:00','2018-08-04 09:54:00',5.9,43.8,635),(1048,20,'2018-09-04 01:00:00','2018-09-04 11:57:00',10.95,78.4,636),(1049,22,'2018-09-04 01:00:00','2018-09-04 11:57:00',10.95,78.4,636),(1050,24,'2018-09-04 01:00:00','2018-09-04 11:57:00',10.95,39.2,636),(1051,20,'2018-10-04 01:00:00','2018-10-04 09:04:00',8.07,95.2,637),(1052,22,'2018-10-04 01:00:00','2018-10-04 09:04:00',8.07,95.2,637),(1053,24,'2018-10-04 01:00:00','2018-10-04 09:04:00',8.07,47.6,637),(1054,20,'2018-11-04 01:00:00','2018-11-04 11:57:00',10.95,68.8,638),(1055,22,'2018-11-04 01:00:00','2018-11-04 11:57:00',10.95,68.8,638),(1056,24,'2018-11-04 01:00:00','2018-11-04 11:57:00',10.95,34.4,638),(1057,20,'2018-12-04 03:00:00','2018-12-04 11:23:00',8.38,68.8,639),(1058,22,'2018-12-04 03:00:00','2018-12-04 11:23:00',8.38,68.8,639),(1059,24,'2018-12-04 03:00:00','2018-12-04 11:23:00',8.38,34.4,639),(1060,20,'2018-01-04 02:00:00','2018-01-04 08:04:00',6.07,77.6,640),(1061,22,'2018-01-04 02:00:00','2018-01-04 08:04:00',6.07,77.6,640),(1062,24,'2018-01-04 02:00:00','2018-01-04 08:04:00',6.07,38.8,640),(1063,20,'2019-02-04 00:00:00','2019-02-04 12:13:00',12.22,87.6,641),(1064,22,'2019-02-04 00:00:00','2019-02-04 12:13:00',12.22,87.6,641),(1065,24,'2019-02-04 00:00:00','2019-02-04 12:13:00',12.22,43.8,641),(1066,20,'2019-03-04 04:00:00','2019-03-04 10:08:00',6.13,88,642),(1067,22,'2019-03-04 04:00:00','2019-03-04 10:08:00',6.13,88,642),(1068,24,'2019-03-04 04:00:00','2019-03-04 10:08:00',6.13,44,642),(1069,20,'2019-04-04 04:00:00','2019-04-04 12:50:00',8.83,71.2,643),(1070,22,'2019-04-04 04:00:00','2019-04-04 12:50:00',8.83,71.2,643),(1071,24,'2019-04-04 04:00:00','2019-04-04 12:50:00',8.83,35.6,643);

/*Table structure for table `produce_repair` */

DROP TABLE IF EXISTS `produce_repair`;

CREATE TABLE `produce_repair` (
  `repairid` int(11) NOT NULL AUTO_INCREMENT COMMENT '主键维修id',
  `devid` int(11) DEFAULT NULL COMMENT '设备名称',
  `cause` varchar(100) COLLATE utf8_bin DEFAULT NULL COMMENT '维修原因',
  `cost` int(11) DEFAULT NULL COMMENT '维修费用',
  `repairdate` date DEFAULT NULL COMMENT '维修日期',
  PRIMARY KEY (`repairid`)
) ENGINE=InnoDB AUTO_INCREMENT=6 DEFAULT CHARSET=utf8 COLLATE=utf8_bin;

/*Data for the table `produce_repair` */

insert  into `produce_repair`(`repairid`,`devid`,`cause`,`cost`,`repairdate`) values (1,1,'设备老化',500,'2019-04-09'),(2,3,'润滑保养',100,'2019-04-08'),(3,1,'运行中出现故障',3000,'2018-02-05'),(4,19,'润滑保养',600,'2018-06-05'),(5,4,'设备运行时有声音',1000,'2018-06-05');

/*Table structure for table `produce_report` */

DROP TABLE IF EXISTS `produce_report`;

CREATE TABLE `produce_report` (
  `reportid` int(11) NOT NULL AUTO_INCREMENT COMMENT '主键报岗id',
  `shipname` varchar(100) COLLATE utf8_bin DEFAULT NULL COMMENT '船队名称',
  `capacity` float DEFAULT NULL COMMENT '装载量(吨)',
  `planjobtime` datetime DEFAULT NULL COMMENT '预计到港时间',
  `startjobtime` datetime DEFAULT NULL COMMENT '实际到港时间',
  `completetime` datetime DEFAULT NULL COMMENT '完成时间',
  `flowid` int(11) DEFAULT NULL COMMENT '流程',
  `reportuser` varchar(60) COLLATE utf8_bin DEFAULT NULL COMMENT '报岗人',
  `compid` int(11) DEFAULT NULL COMMENT '所属企业',
  PRIMARY KEY (`reportid`)
) ENGINE=InnoDB AUTO_INCREMENT=644 DEFAULT CHARSET=utf8 COLLATE=utf8_bin;

/*Data for the table `produce_report` */

insert  into `produce_report`(`reportid`,`shipname`,`capacity`,`planjobtime`,`startjobtime`,`completetime`,`flowid`,`reportuser`,`compid`) values (1,'zk-船p001',100,'2019-04-09 03:00:00','2019-04-01 02:00:00','2019-04-01 05:00:00',1,'盛明春',1),(2,'zk-船p002',120,'2019-04-08 01:00:00',NULL,NULL,NULL,'李继光',1),(3,'zk-船p003',160,'2019-04-02 10:00:00','2019-04-02 11:00:00','2019-04-02 16:10:00',3,'刘长江',1),(4,'zk-船p004',180,'2018-01-01 10:00:00','2018-01-01 10:00:00','2018-01-01 14:35:00',1,'刘长江',1),(5,'zk-船p005',170,'2018-02-01 10:00:00','2018-02-01 10:00:00','2018-02-01 18:00:00',1,'刘长江',1),(6,'zk-船p006',165,'2018-03-01 10:00:00','2018-03-01 10:00:00','2018-03-01 17:10:00',1,'刘长江',1),(7,'zk-船p007',183,'2018-04-01 10:00:00','2018-04-01 10:00:00','2018-04-01 20:30:00',1,'刘长江',1),(8,'zk-船p008',124,'2018-05-01 10:00:00','2018-05-01 10:00:00','2018-05-01 17:20:00',1,'刘长江',1),(9,'zk-船p009',135,'2018-06-01 10:00:00','2018-06-01 10:00:00','2018-06-01 16:25:00',1,'刘长江',1),(10,'zk-船p010',149,'2018-07-01 10:00:00','2018-07-01 10:00:00','2018-07-01 13:15:00',1,'刘长江',1),(11,'zk-船p011',161,'2018-08-01 10:00:00','2018-08-01 10:00:00','2018-08-01 15:35:00',1,'刘长江',1),(12,'zk-船p012',153,'2018-09-01 10:00:00','2018-09-01 10:00:00','2018-09-01 16:45:00',1,'刘长江',1),(13,'zk-船p013',142,'2018-10-01 10:00:00','2018-10-01 10:00:00','2018-10-01 19:16:00',1,'刘长江',1),(14,'zk-船p014',137,'2018-11-01 10:00:00','2018-11-01 10:00:00','2018-11-01 20:22:00',1,'刘长江',1),(15,'zk-船p015',154,'2018-12-01 10:00:00','2018-12-01 10:00:00','2018-12-01 14:35:00',1,'刘长江',1),(16,'zk-船p016',129,'2019-01-01 10:00:00','2019-01-01 10:00:00','2019-01-01 16:25:00',1,'刘长江',1),(17,'zk-船p017',168,'2019-02-01 10:00:00','2019-02-01 10:00:00','2019-02-01 21:30:00',1,'刘长江',1),(18,'zk-船p018',145,'2019-03-01 10:00:00','2019-03-01 10:00:00','2019-03-01 16:36:00',1,'刘长江',1),(19,'zk-船p019',156,'2019-04-01 10:00:00','2019-04-01 10:00:00','2019-04-01 18:35:00',1,'刘长江',1),(21,'zk-船p021',126,'2018-01-01 06:00:00','2018-01-01 06:00:00','2018-01-01 09:25:00',2,'刘长江',1),(22,'zk-船p022',126,'2018-02-01 06:00:00','2018-02-01 06:00:00','2018-02-01 09:25:00',2,'刘长江',1),(23,'zk-船p023',158,'2018-03-01 06:00:00','2018-03-01 06:00:00','2018-03-01 12:34:00',2,'刘长江',1),(24,'zk-船p024',143,'2018-04-01 06:00:00','2018-04-01 06:00:00','2018-04-01 08:46:00',2,'刘长江',1),(25,'zk-船p025',186,'2018-05-01 06:00:00','2018-05-01 06:00:00','2018-05-01 14:35:00',2,'刘长江',1),(26,'zk-船p026',172,'2018-06-01 06:00:00','2018-06-01 06:00:00','2018-06-01 13:10:00',2,'刘长江',1),(27,'zk-船p027',136,'2018-07-01 06:00:00','2018-07-01 06:00:00','2018-07-01 16:14:00',2,'刘长江',1),(28,'zk-船p028',149,'2018-08-01 06:00:00','2018-08-01 06:00:00','2018-08-01 19:25:00',2,'刘长江',1),(29,'zk-船p029',168,'2018-09-01 06:00:00','2018-09-01 06:00:00','2018-09-01 11:15:00',2,'刘长江',1),(30,'zk-船p030',200,'2018-10-01 06:00:00','2018-10-01 06:00:00','2018-10-01 13:14:00',2,'刘长江',1),(31,'zk-船p031',180,'2018-11-01 06:00:00','2018-11-01 06:00:00','2018-11-01 16:50:00',2,'刘长江',1),(32,'zk-船p032',124,'2018-12-01 06:00:00','2018-12-01 06:00:00','2018-12-01 20:25:00',2,'刘长江',1),(33,'zk-船p033',110,'2019-01-01 06:00:00','2019-01-01 06:00:00','2019-01-01 18:20:00',2,'刘长江',1),(34,'zk-船p034',192,'2019-02-01 06:00:00','2019-02-01 06:00:00','2019-02-01 14:10:00',2,'刘长江',1),(35,'zk-船p035',181,'2019-03-01 06:00:00','2019-03-01 06:00:00','2019-03-01 15:10:00',2,'刘长江',1),(36,'zk-船p036',174,'2019-04-01 06:00:00','2019-04-01 06:00:00','2019-04-01 14:10:00',2,'刘长江',1),(41,'zk-船p041',190,'2018-01-01 03:00:00','2018-01-01 03:00:00','2018-01-01 09:25:00',3,'刘泗鑫',1),(42,'zk-船p042',196,'2018-02-01 03:00:00','2018-02-01 03:00:00','2018-02-01 09:25:00',3,'刘泗鑫',1),(43,'zk-船p043',210,'2018-03-01 03:00:00','2018-03-01 03:00:00','2018-03-01 12:34:00',3,'刘泗鑫',1),(44,'zk-船p044',220,'2018-04-01 03:00:00','2018-04-01 03:00:00','2018-04-01 08:46:00',3,'刘泗鑫',1),(45,'zk-船p045',204,'2018-05-01 03:00:00','2018-05-01 03:00:00','2018-05-01 14:35:00',3,'刘泗鑫',1),(46,'zk-船p046',206,'2018-06-01 03:00:00','2018-06-01 03:00:00','2018-06-01 13:10:00',3,'刘泗鑫',1),(47,'zk-船p047',230,'2018-07-01 03:00:00','2018-07-01 03:00:00','2018-07-01 16:14:00',3,'刘泗鑫',1),(48,'zk-船p048',180,'2018-08-01 03:00:00','2018-08-01 03:00:00','2018-08-01 19:25:00',3,'刘泗鑫',1),(49,'zk-船p049',160,'2018-09-01 03:00:00','2018-09-01 03:00:00','2018-09-01 11:15:00',3,'刘泗鑫',1),(50,'zk-船p050',176,'2018-10-01 03:00:00','2018-10-01 03:00:00','2018-10-01 13:14:00',3,'刘泗鑫',1),(51,'zk-船p051',225,'2018-11-01 03:00:00','2018-11-01 03:00:00','2018-11-01 16:50:00',3,'刘泗鑫',1),(52,'zk-船p052',210,'2018-12-01 03:00:00','2018-12-01 03:00:00','2018-12-01 20:25:00',3,'刘泗鑫',1),(53,'zk-船p053',160,'2019-01-01 03:00:00','2019-01-01 03:00:00','2019-01-01 18:20:00',3,'刘泗鑫',1),(54,'zk-船p054',192,'2019-02-01 03:00:00','2019-02-01 03:00:00','2019-02-01 14:10:00',3,'刘泗鑫',1),(55,'zk-船p055',181,'2019-03-01 03:00:00','2019-03-01 03:00:00','2019-03-01 15:10:00',3,'刘泗鑫',1),(56,'zk-船p056',193,'2019-04-01 03:00:00','2019-04-01 03:00:00','2019-04-01 14:10:00',3,'刘泗鑫',1),(61,'zk-船p61',125,'2018-01-01 01:00:00','2018-01-01 01:00:00','2018-01-01 09:25:00',4,'王定宇',1),(62,'zk-船p062',136,'2018-02-01 01:00:00','2018-02-01 01:00:00','2018-02-01 09:25:00',4,'王定宇',1),(63,'zk-船p063',140,'2018-03-01 01:00:00','2018-03-01 01:00:00','2018-03-01 12:34:00',4,'王定宇',1),(64,'zk-船p064',120,'2018-04-01 01:00:00','2018-04-01 01:00:00','2018-04-01 08:46:00',4,'王定宇',1),(65,'zk-船p065',124,'2018-05-01 01:00:00','2018-05-01 01:00:00','2018-05-01 14:35:00',4,'王定宇',1),(66,'zk-船p066',116,'2018-06-01 01:00:00','2018-06-01 01:00:00','2018-06-01 13:10:00',4,'王定宇',1),(67,'zk-船p067',130,'2018-07-01 01:00:00','2018-07-01 01:00:00','2018-07-01 16:14:00',4,'王定宇',1),(68,'zk-船p068',180,'2018-08-01 01:00:00','2018-08-01 01:00:00','2018-08-01 19:25:00',4,'王定宇',1),(69,'zk-船p069',160,'2018-09-01 01:00:00','2018-09-01 01:00:00','2018-09-01 11:15:00',4,'王定宇',1),(70,'zk-船p070',176,'2018-10-01 01:00:00','2018-10-01 01:00:00','2018-10-01 13:14:00',4,'王定宇',1),(71,'zk-船p071',125,'2018-11-01 01:00:00','2018-11-01 01:00:00','2018-11-01 16:50:00',4,'王定宇',1),(72,'zk-船p072',110,'2018-12-01 01:00:00','2018-12-01 01:00:00','2018-12-01 20:25:00',4,'王定宇',1),(73,'zk-船p073',136,'2019-01-01 01:00:00','2019-01-01 01:00:00','2019-01-01 18:20:00',4,'王定宇',1),(74,'zk-船p074',122,'2019-02-01 01:00:00','2019-02-01 01:00:00','2019-02-01 14:10:00',4,'王定宇',1),(75,'zk-船p075',131,'2019-03-01 01:00:00','2019-03-01 01:00:00','2019-03-01 15:10:00',4,'王定宇',1),(76,'zk-船p076',133,'2019-04-01 01:00:00','2019-04-01 01:00:00','2019-04-01 14:10:00',4,'王定宇',1),(81,'zk-船p81',155,'2018-01-01 02:00:00','2018-01-01 02:00:00','2018-01-01 09:25:00',5,'朱迪平',1),(82,'zk-船p082',176,'2018-02-01 02:00:00','2018-02-01 02:00:00','2018-02-01 09:25:00',5,'朱迪平',1),(83,'zk-船p083',140,'2018-03-01 02:00:00','2018-03-01 02:00:00','2018-03-01 12:34:00',5,'朱迪平',1),(84,'zk-船p084',160,'2018-04-01 02:00:00','2018-04-01 02:00:00','2018-04-01 08:46:00',5,'朱迪平',1),(85,'zk-船p085',124,'2018-05-01 02:00:00','2018-05-01 02:00:00','2018-05-01 14:35:00',5,'朱迪平',1),(86,'zk-船p086',166,'2018-06-01 02:00:00','2018-06-01 02:00:00','2018-06-01 13:10:00',5,'朱迪平',1),(87,'zk-船p087',130,'2018-07-01 02:00:00','2018-07-01 02:00:00','2018-07-01 16:14:00',5,'朱迪平',1),(88,'zk-船p088',180,'2018-08-01 02:00:00','2018-08-01 02:00:00','2018-08-01 19:25:00',5,'朱迪平',1),(89,'zk-船p089',160,'2018-09-01 02:00:00','2018-09-01 02:00:00','2018-09-01 11:15:00',5,'朱迪平',1),(90,'zk-船p090',176,'2018-10-01 02:00:00','2018-10-01 02:00:00','2018-10-01 13:14:00',5,'朱迪平',1),(91,'zk-船p091',155,'2018-11-01 02:00:00','2018-11-01 02:00:00','2018-11-01 16:50:00',5,'朱迪平',1),(92,'zk-船p092',180,'2018-12-01 02:00:00','2018-12-01 02:00:00','2018-12-01 20:25:00',5,'朱迪平',1),(93,'zk-船p093',136,'2019-01-01 02:00:00','2019-01-01 02:00:00','2019-01-01 18:20:00',5,'朱迪平',1),(94,'zk-船p094',152,'2019-02-01 02:00:00','2019-02-01 02:00:00','2019-02-01 14:10:00',5,'朱迪平',1),(95,'zk-船p095',131,'2019-03-01 02:00:00','2019-03-01 02:00:00','2019-03-01 15:10:00',5,'朱迪平',1),(96,'zk-船p096',143,'2019-04-01 02:00:00','2019-04-01 02:00:00','2019-04-01 14:10:00',5,'朱迪平',1),(101,'zk-船p101',155,'2018-01-01 04:00:00','2018-01-01 04:00:00','2018-01-01 09:25:00',6,'王梦瑶',1),(102,'zk-船p102',176,'2018-02-01 04:00:00','2018-02-01 04:00:00','2018-02-01 09:25:00',6,'王梦瑶',1),(103,'zk-船p103',180,'2018-03-01 04:00:00','2018-03-01 04:00:00','2018-03-01 12:34:00',6,'王梦瑶',1),(104,'zk-船p104',160,'2018-04-01 04:00:00','2018-04-01 04:00:00','2018-04-01 08:46:00',6,'王梦瑶',1),(105,'zk-船p105',194,'2018-05-01 04:00:00','2018-05-01 04:00:00','2018-05-01 14:35:00',6,'王梦瑶',1),(106,'zk-船p106',166,'2018-06-01 04:00:00','2018-06-01 04:00:00','2018-06-01 13:10:00',6,'王梦瑶',1),(107,'zk-船p107',190,'2018-07-01 04:00:00','2018-07-01 04:00:00','2018-07-01 16:14:00',6,'王梦瑶',1),(108,'zk-船p108',180,'2018-08-01 04:00:00','2018-08-01 04:00:00','2018-08-01 19:25:00',6,'王梦瑶',1),(109,'zk-船p109',160,'2018-09-01 04:00:00','2018-09-01 04:00:00','2018-09-01 11:15:00',6,'王梦瑶',1),(110,'zk-船p110',176,'2018-10-01 04:00:00','2018-10-01 04:00:00','2018-10-01 13:14:00',6,'王梦瑶',1),(111,'zk-船p111',155,'2018-11-01 04:00:00','2018-11-01 04:00:00','2018-11-01 16:50:00',6,'王梦瑶',1),(112,'zk-船p112',180,'2018-12-01 04:00:00','2018-12-01 04:00:00','2018-12-01 20:25:00',6,'王梦瑶',1),(113,'zk-船p113',196,'2019-01-01 04:00:00','2019-01-01 04:00:00','2019-01-01 18:20:00',6,'王梦瑶',1),(114,'zk-船p114',152,'2019-02-01 04:00:00','2019-02-01 04:00:00','2019-02-01 14:10:00',6,'王梦瑶',1),(115,'zk-船p115',201,'2019-03-01 04:00:00','2019-03-01 04:00:00','2019-03-01 15:10:00',6,'王梦瑶',1),(116,'zk-船p116',213,'2019-04-01 04:00:00','2019-04-01 04:00:00','2019-04-01 14:10:00',6,'王梦瑶',1),(499,'sh-船A101',273,'2018-01-02 04:00:00','2018-01-02 04:00:00','2018-01-02 11:53:00',7,'廖伟良',10),(500,'sh-船A102',221,'2018-02-02 04:00:00','2018-02-02 04:00:00','2018-02-02 08:50:00',7,'廖伟良',10),(501,'sh-船A103',268,'2018-03-02 03:00:00','2018-03-02 03:00:00','2018-03-02 08:34:00',7,'廖伟良',10),(502,'sh-船A104',296,'2018-04-02 02:00:00','2018-04-02 02:00:00','2018-04-02 08:18:00',7,'廖伟良',10),(503,'sh-船A105',246,'2018-05-02 03:00:00','2018-05-02 03:00:00','2018-05-02 08:07:00',7,'廖伟良',10),(504,'sh-船A106',270,'2018-06-02 04:00:00','2018-06-02 04:00:00','2018-06-02 10:28:00',7,'廖伟良',10),(505,'sh-船A107',240,'2018-07-02 02:00:00','2018-07-02 02:00:00','2018-07-02 12:24:00',7,'廖伟良',10),(506,'sh-船A108',223,'2018-08-02 01:00:00','2018-08-02 01:00:00','2018-08-02 08:03:00',7,'廖伟良',10),(507,'sh-船A109',259,'2018-09-02 04:00:00','2018-09-02 04:00:00','2018-09-02 08:49:00',7,'廖伟良',10),(508,'sh-船A110',210,'2018-10-02 01:00:00','2018-10-02 01:00:00','2018-10-02 11:55:00',7,'廖伟良',10),(509,'sh-船A111',271,'2018-11-02 04:00:00','2018-11-02 04:00:00','2018-11-02 10:27:00',7,'廖伟良',10),(510,'sh-船A112',271,'2018-12-02 01:00:00','2018-12-02 01:00:00','2018-12-02 10:22:00',7,'廖伟良',10),(511,'sh-船A113',259,'2019-01-02 00:00:00','2019-01-02 00:00:00','2019-01-02 10:41:00',7,'廖伟良',10),(512,'sh-船A114',212,'2019-02-02 00:00:00','2019-02-02 00:00:00','2019-02-02 09:10:00',7,'廖伟良',10),(513,'sh-船A115',282,'2019-03-02 02:00:00','2019-03-02 02:00:00','2019-03-02 10:29:00',7,'廖伟良',10),(514,'sh-船A116',235,'2019-04-02 02:00:00','2019-04-02 02:00:00','2019-04-02 10:27:00',7,'廖伟良',10),(515,'sh-船A117',208,'2018-01-02 04:00:00','2018-01-02 04:00:00','2018-01-02 12:54:00',8,'廖伟良',10),(516,'sh-船A118',237,'2018-02-02 00:00:00','2018-02-02 00:00:00','2018-02-02 10:19:00',8,'廖伟良',10),(517,'sh-船A119',258,'2018-03-02 00:00:00','2018-03-02 00:00:00','2018-03-02 08:25:00',8,'廖伟良',10),(518,'sh-船A120',266,'2018-04-02 00:00:00','2018-04-02 00:00:00','2018-04-02 10:39:00',8,'廖伟良',10),(519,'sh-船A121',296,'2018-05-02 03:00:00','2018-05-02 03:00:00','2018-05-02 10:06:00',8,'廖伟良',10),(520,'sh-船A122',266,'2018-06-02 01:00:00','2018-06-02 01:00:00','2018-06-02 08:37:00',8,'廖伟良',10),(521,'sh-船A123',214,'2018-07-02 03:00:00','2018-07-02 03:00:00','2018-07-02 11:38:00',8,'廖伟良',10),(522,'sh-船A124',261,'2018-08-02 03:00:00','2018-08-02 03:00:00','2018-08-02 11:30:00',8,'廖伟良',10),(523,'sh-船A125',242,'2018-09-02 04:00:00','2018-09-02 04:00:00','2018-09-02 10:48:00',8,'廖伟良',10),(524,'sh-船A126',296,'2018-10-02 03:00:00','2018-10-02 03:00:00','2018-10-02 10:22:00',8,'廖伟良',10),(525,'sh-船A127',216,'2018-11-02 00:00:00','2018-11-02 00:00:00','2018-11-02 11:45:00',8,'廖伟良',10),(526,'sh-船A128',285,'2018-12-02 00:00:00','2018-12-02 00:00:00','2018-12-02 10:40:00',8,'廖伟良',10),(527,'sh-船A129',270,'2018-01-02 03:00:00','2018-01-02 03:00:00','2018-01-02 12:02:00',8,'廖伟良',10),(528,'sh-船A130',206,'2019-02-02 04:00:00','2019-02-02 04:00:00','2019-02-02 10:33:00',8,'廖伟良',10),(529,'sh-船A131',279,'2019-03-02 04:00:00','2019-03-02 04:00:00','2019-03-02 12:38:00',8,'廖伟良',10),(530,'sh-船A132',225,'2019-04-02 03:00:00','2019-04-02 03:00:00','2019-04-02 11:11:00',8,'廖伟良',10),(531,'sh-船A133',239,'2019-01-02 01:00:00','2019-01-02 01:00:00','2019-01-02 12:14:00',8,'廖伟良',10),(532,'sh-船A134',213,'2018-02-02 01:00:00','2018-02-02 01:00:00','2018-02-02 08:29:00',9,'廖伟良',10),(533,'sh-船A135',285,'2018-03-02 00:00:00','2018-03-02 00:00:00','2018-03-02 10:59:00',9,'廖伟良',10),(534,'sh-船A136',227,'2018-04-02 02:00:00','2018-04-02 02:00:00','2018-04-02 10:50:00',9,'廖伟良',10),(535,'sh-船A137',255,'2018-05-02 04:00:00','2018-05-02 04:00:00','2018-05-02 08:24:00',9,'廖伟良',10),(536,'sh-船A138',298,'2018-06-02 04:00:00','2018-06-02 04:00:00','2018-06-02 12:43:00',9,'廖伟良',10),(537,'sh-船A139',205,'2018-07-02 01:00:00','2018-07-02 01:00:00','2018-07-02 11:47:00',9,'廖伟良',10),(538,'sh-船A140',271,'2018-08-02 00:00:00','2018-08-02 00:00:00','2018-08-02 10:38:00',9,'廖伟良',10),(539,'sh-船A141',271,'2018-09-02 00:00:00','2018-09-02 00:00:00','2018-09-02 11:38:00',9,'廖伟良',10),(540,'sh-船A142',201,'2018-10-02 02:00:00','2018-10-02 02:00:00','2018-10-02 12:23:00',9,'廖伟良',10),(541,'sh-船A143',225,'2018-11-02 03:00:00','2018-11-02 03:00:00','2018-11-02 10:27:00',9,'廖伟良',10),(542,'sh-船A144',265,'2018-12-02 00:00:00','2018-12-02 00:00:00','2018-12-02 12:16:00',9,'廖伟良',10),(543,'sh-船A145',289,'2018-01-02 03:00:00','2018-01-02 03:00:00','2018-01-02 11:54:00',9,'廖伟良',10),(544,'sh-船A146',250,'2018-02-02 04:00:00','2018-02-02 04:00:00','2018-02-02 08:38:00',9,'廖伟良',10),(545,'sh-船A147',265,'2019-03-02 02:00:00','2019-03-02 02:00:00','2019-03-02 12:07:00',9,'廖伟良',10),(546,'sh-船A148',215,'2019-04-02 03:00:00','2019-04-02 03:00:00','2019-04-02 09:44:00',9,'廖伟良',10),(580,'rz-船A101',123,'2018-01-03 00:00:00','2018-01-03 00:00:00','2018-01-03 10:22:00',12,'蒋科磊',3),(581,'rz-船A102',142,'2018-02-03 04:00:00','2018-02-03 04:00:00','2018-02-03 12:14:00',12,'蒋科磊',3),(582,'rz-船A103',125,'2018-03-03 04:00:00','2018-03-03 04:00:00','2018-03-03 11:29:00',12,'蒋科磊',3),(583,'rz-船A104',197,'2018-04-03 04:00:00','2018-04-03 04:00:00','2018-04-03 12:32:00',12,'蒋科磊',3),(584,'rz-船A105',116,'2018-05-03 02:00:00','2018-05-03 02:00:00','2018-05-03 12:17:00',12,'蒋科磊',3),(585,'rz-船A106',139,'2018-06-03 03:00:00','2018-06-03 03:00:00','2018-06-03 11:32:00',12,'蒋科磊',3),(586,'rz-船A107',137,'2018-07-03 00:00:00','2018-07-03 00:00:00','2018-07-03 08:28:00',12,'蒋科磊',3),(587,'rz-船A108',199,'2018-08-03 03:00:00','2018-08-03 03:00:00','2018-08-03 10:33:00',12,'蒋科磊',3),(588,'rz-船A109',168,'2018-09-03 02:00:00','2018-09-03 02:00:00','2018-09-03 08:18:00',12,'蒋科磊',3),(589,'rz-船A110',181,'2018-10-03 04:00:00','2018-10-03 04:00:00','2018-10-03 12:59:00',12,'蒋科磊',3),(590,'rz-船A111',129,'2018-11-03 00:00:00','2018-11-03 00:00:00','2018-11-03 08:55:00',12,'蒋科磊',3),(591,'rz-船A112',151,'2018-12-03 04:00:00','2018-12-03 04:00:00','2018-12-03 09:56:00',12,'蒋科磊',3),(592,'rz-船A113',165,'2019-01-03 00:00:00','2019-01-03 00:00:00','2019-01-03 09:16:00',12,'蒋科磊',3),(593,'rz-船A114',181,'2019-02-03 03:00:00','2019-02-03 03:00:00','2019-02-03 12:59:00',12,'蒋科磊',3),(594,'rz-船A115',135,'2019-03-03 01:00:00','2019-03-03 01:00:00','2019-03-03 12:55:00',12,'蒋科磊',3),(595,'rz-船A116',169,'2019-04-03 00:00:00','2019-04-03 00:00:00','2019-04-03 11:01:00',12,'蒋科磊',3),(596,'rz-船A117',186,'2018-01-03 02:00:00','2018-01-03 02:00:00','2018-01-03 12:57:00',13,'蒋科磊',3),(597,'rz-船A118',159,'2018-02-03 04:00:00','2018-02-03 04:00:00','2018-02-03 11:58:00',13,'蒋科磊',3),(598,'rz-船A119',101,'2018-03-03 02:00:00','2018-03-03 02:00:00','2018-03-03 10:39:00',13,'蒋科磊',3),(599,'rz-船A120',177,'2018-04-03 01:00:00','2018-04-03 01:00:00','2018-04-03 08:02:00',13,'蒋科磊',3),(600,'rz-船A121',145,'2018-05-03 03:00:00','2018-05-03 03:00:00','2018-05-03 10:00:00',13,'蒋科磊',3),(601,'rz-船A122',103,'2018-06-03 04:00:00','2018-06-03 04:00:00','2018-06-03 10:38:00',13,'蒋科磊',3),(602,'rz-船A123',165,'2018-07-03 00:00:00','2018-07-03 00:00:00','2018-07-03 12:10:00',13,'蒋科磊',3),(603,'rz-船A124',131,'2018-08-03 00:00:00','2018-08-03 00:00:00','2018-08-03 11:22:00',13,'蒋科磊',3),(604,'rz-船A125',167,'2018-09-03 01:00:00','2018-09-03 01:00:00','2018-09-03 09:26:00',13,'蒋科磊',3),(605,'rz-船A126',194,'2018-10-03 04:00:00','2018-10-03 04:00:00','2018-10-03 08:13:00',13,'蒋科磊',3),(606,'rz-船A127',139,'2018-11-03 01:00:00','2018-11-03 01:00:00','2018-11-03 09:27:00',13,'蒋科磊',3),(607,'rz-船A128',125,'2018-12-03 01:00:00','2018-12-03 01:00:00','2018-12-03 08:34:00',13,'蒋科磊',3),(608,'rz-船A129',198,'2018-01-03 01:00:00','2018-01-03 01:00:00','2018-01-03 11:24:00',13,'蒋科磊',3),(609,'rz-船A130',173,'2019-02-03 00:00:00','2019-02-03 00:00:00','2019-02-03 08:27:00',13,'蒋科磊',3),(610,'rz-船A131',180,'2019-03-03 04:00:00','2019-03-03 04:00:00','2019-03-03 10:28:00',13,'蒋科磊',3),(611,'rz-船A132',123,'2019-04-03 01:00:00','2019-04-03 01:00:00','2019-04-03 12:06:00',13,'蒋科磊',3),(612,'lh-船A101',160,'2018-01-04 02:00:00','2018-01-04 02:00:00','2018-01-04 10:48:00',10,'王文政',2),(613,'lh-船A102',233,'2018-02-04 02:00:00','2018-02-04 02:00:00','2018-02-04 09:43:00',10,'王文政',2),(614,'lh-船A103',214,'2018-03-04 01:00:00','2018-03-04 01:00:00','2018-03-04 08:44:00',10,'王文政',2),(615,'lh-船A104',220,'2018-04-04 00:00:00','2018-04-04 00:00:00','2018-04-04 11:52:00',10,'王文政',2),(616,'lh-船A105',175,'2018-05-04 01:00:00','2018-05-04 01:00:00','2018-05-04 09:17:00',10,'王文政',2),(617,'lh-船A106',233,'2018-06-04 03:00:00','2018-06-04 03:00:00','2018-06-04 11:01:00',10,'王文政',2),(618,'lh-船A107',239,'2018-07-04 00:00:00','2018-07-04 00:00:00','2018-07-04 11:03:00',10,'王文政',2),(619,'lh-船A108',205,'2018-08-04 01:00:00','2018-08-04 01:00:00','2018-08-04 11:29:00',10,'王文政',2),(620,'lh-船A109',153,'2018-09-04 00:00:00','2018-09-04 00:00:00','2018-09-04 12:17:00',10,'王文政',2),(621,'lh-船A110',216,'2018-10-04 04:00:00','2018-10-04 04:00:00','2018-10-04 08:14:00',10,'王文政',2),(622,'lh-船A111',181,'2018-11-04 00:00:00','2018-11-04 00:00:00','2018-11-04 12:48:00',10,'王文政',2),(623,'lh-船A112',163,'2018-12-04 02:00:00','2018-12-04 02:00:00','2018-12-04 08:25:00',10,'王文政',2),(624,'lh-船A113',165,'2019-01-04 01:00:00','2019-01-04 01:00:00','2019-01-04 08:06:00',10,'王文政',2),(625,'lh-船A114',229,'2019-02-04 03:00:00','2019-02-04 03:00:00','2019-02-04 09:13:00',10,'王文政',2),(626,'lh-船A115',179,'2019-03-04 03:00:00','2019-03-04 03:00:00','2019-03-04 11:56:00',10,'王文政',2),(627,'lh-船A116',167,'2019-04-04 03:00:00','2019-04-04 03:00:00','2019-04-04 08:07:00',10,'王文政',2),(628,'lh-船A117',195,'2018-01-04 00:00:00','2018-01-04 00:00:00','2018-01-04 12:36:00',11,'王文政',2),(629,'lh-船A118',218,'2018-02-04 01:00:00','2018-02-04 01:00:00','2018-02-04 08:44:00',11,'王文政',2),(630,'lh-船A119',242,'2018-03-04 04:00:00','2018-03-04 04:00:00','2018-03-04 08:47:00',11,'王文政',2),(631,'lh-船A120',221,'2018-04-04 01:00:00','2018-04-04 01:00:00','2018-04-04 08:13:00',11,'王文政',2),(632,'lh-船A121',175,'2018-05-04 01:00:00','2018-05-04 01:00:00','2018-05-04 11:07:00',11,'王文政',2),(633,'lh-船A122',161,'2018-06-04 03:00:00','2018-06-04 03:00:00','2018-06-04 10:49:00',11,'王文政',2),(634,'lh-船A123',177,'2018-07-04 04:00:00','2018-07-04 04:00:00','2018-07-04 09:26:00',11,'王文政',2),(635,'lh-船A124',219,'2018-08-04 04:00:00','2018-08-04 04:00:00','2018-08-04 09:54:00',11,'王文政',2),(636,'lh-船A125',196,'2018-09-04 01:00:00','2018-09-04 01:00:00','2018-09-04 11:57:00',11,'王文政',2),(637,'lh-船A126',238,'2018-10-04 01:00:00','2018-10-04 01:00:00','2018-10-04 09:04:00',11,'王文政',2),(638,'lh-船A127',172,'2018-11-04 01:00:00','2018-11-04 01:00:00','2018-11-04 11:57:00',11,'王文政',2),(639,'lh-船A128',172,'2018-12-04 03:00:00','2018-12-04 03:00:00','2018-12-04 11:23:00',11,'王文政',2),(640,'lh-船A129',194,'2018-01-04 02:00:00','2018-01-04 02:00:00','2018-01-04 08:04:00',11,'王文政',2),(641,'lh-船A130',219,'2019-02-04 00:00:00','2019-02-04 00:00:00','2019-02-04 12:13:00',11,'王文政',2),(642,'lh-船A131',220,'2019-03-04 04:00:00','2019-03-04 04:00:00','2019-03-04 10:08:00',11,'王文政',2),(643,'lh-船A132',178,'2019-04-04 04:00:00','2019-04-04 04:00:00','2019-04-04 12:50:00',11,'王文政',2);

/*!40101 SET SQL_MODE=@OLD_SQL_MODE */;
/*!40014 SET FOREIGN_KEY_CHECKS=@OLD_FOREIGN_KEY_CHECKS */;
/*!40014 SET UNIQUE_CHECKS=@OLD_UNIQUE_CHECKS */;
/*!40111 SET SQL_NOTES=@OLD_SQL_NOTES */;
